TransactionID,Country,PetID,Date,ProcedureCode
2275,Latvia,E1-4929,06/03/2018,GENERAL SURGERIES7
2276,Latvia,F9-5921,25/06/2018,VACCINATIONS5
2270,Latvia,E2-1984,29/09/2018,GROOMING1
2260,Latvia,E7-6724,15/06/2019,VACCINATIONS5
2266,Estonia,F7-6277,31/07/2018,GENERAL SURGERIES8
2244,Lithuania,E8-9343,30/12/2018,VACCINATIONS5
2250,Estonia,F0-7506,13/11/2018,VACCINATIONS5
2243,Latvia,F4-7865,12/02/2018,VACCINATIONS5
2242,Estonia,F5-2627,14/05/2018,GROOMING1
2240,Estonia,F1-3004,24/09/2018,VACCINATIONS5
2235,Lithuania,E2-2487,25/10/2018,VACCINATIONS5
2234,Estonia,E9-3748,14/08/2018,VACCINATIONS5
2236,Estonia,F0-7245,17/07/2018,VACCINATIONS5
2219,Lithuania,E2-7685,01/09/2018,VACCINATIONS5
2218,Lithuania,E5-2506,05/03/2018,VACCINATIONS5
2225,Estonia,E9-7968,06/01/2018,HOSPITALIZATION1
2229,Estonia,F0-7147,11/06/2018,GROOMING3
2209,Estonia,E7-9436,04/07/2018,VACCINATIONS5
2205,Lithuania,E8-1905,26/05/2019,VACCINATIONS5
2213,Lithuania,F6-5391,08/06/2018,GROOMING1
2210,Latvia,F6-7379,19/02/2019,VACCINATIONS5
2201,Lithuania,E7-1118,01/03/2018,VACCINATIONS5
2202,Lithuania,F4-7898,29/11/2018,VACCINATIONS5
2198,Lithuania,E7-1641,13/09/2018,VACCINATIONS5
2189,Estonia,E1-1927,15/02/2019,VACCINATIONS5
2197,Estonia,E6-8162,12/09/2018,GENERAL SURGERIES9
2190,Lithuania,E9-3015,07/03/2018,VACCINATIONS5
2191,Estonia,F2-9533,26/09/2019,VACCINATIONS5
2188,Lithuania,E4-9039,16/02/2019,VACCINATIONS5
2181,Latvia,E2-2444,31/07/2019,VACCINATIONS5
2178,Latvia,E3-5071,20/06/2019,VACCINATIONS5
2186,Latvia,E4-9796,14/11/2018,VACCINATIONS5
2177,Latvia,F0-1280,05/08/2018,VACCINATIONS5
2185,Lithuania,F5-4303,08/07/2018,VACCINATIONS5
2187,Estonia,L4-6292,11/05/2019,VACCINATIONS5
2171,Latvia,E8-2691,04/04/2018,VACCINATIONS5
2172,Lithuania,F0-6222,04/10/2018,VACCINATIONS5
2167,Lithuania,E2-8215,19/03/2018,HOSPITALIZATION1
2166,Latvia,F2-3322,22/12/2018,VACCINATIONS5
2164,Latvia,H2-8586,09/11/2018,VACCINATIONS5
2162,Latvia,E8-9475,09/08/2019,GENERAL SURGERIES12
2148,Latvia,E1-8642,12/04/2018,GROOMING3
2133,Latvia,E1-8901,28/10/2018,VACCINATIONS5
2149,Estonia,E4-5197,29/09/2019,GROOMING3
2139,Estonia,E5-1974,26/09/2018,VACCINATIONS5
2156,Latvia,E9-8835,21/06/2019,GROOMING1
2142,Latvia,E9-9605,22/05/2018,OFFICE FEES1
2144,Latvia,F3-9876,04/08/2019,GENERAL SURGERIES19
2131,Estonia,F5-9207,08/02/2018,VACCINATIONS5
2136,Lithuania,F6-4090,27/09/2018,VACCINATIONS5
2151,Estonia,F6-9781,14/01/2018,GROOMING3
2147,Latvia,F8-3593,04/08/2018,ORTHOPEDIC1
2143,Estonia,F9-1705,05/01/2018,GENERAL SURGERIES19
2132,Lithuania,U4-9376,21/05/2019,VACCINATIONS5
2125,Latvia,E6-2760,24/11/2018,VACCINATIONS5
2129,Lithuania,F4-7157,22/06/2019,GROOMING1
2120,Estonia,E5-1762,16/05/2019,GENERAL SURGERIES17
2122,Lithuania,E9-1438,06/05/2018,GENERAL SURGERIES4
2117,Estonia,F4-4004,01/06/2018,VACCINATIONS5
2107,Estonia,F5-9073,14/11/2018,VACCINATIONS5
2102,Estonia,F6-2647,19/07/2018,VACCINATIONS5
2084,Estonia,E0-8997,03/07/2019,VACCINATIONS5
2094,Estonia,E1-5281,26/07/2018,GROOMING3
2075,Latvia,E2-8160,15/02/2019,VACCINATIONS5
2074,Latvia,E3-1074,18/03/2019,VACCINATIONS5
2085,Estonia,E6-5334,05/04/2018,VACCINATIONS5
2093,Lithuania,E7-6146,08/05/2019,GROOMING3
2092,Lithuania,F0-7461,09/02/2019,GROOMING3
2081,Lithuania,F1-9282,03/07/2018,VACCINATIONS5
2083,Estonia,P9-6519,08/01/2018,VACCINATIONS5
2068,Lithuania,E1-6008,15/10/2018,VACCINATIONS5
2069,Latvia,E2-6164,15/02/2018,VACCINATIONS5
2063,Latvia,E7-6697,07/04/2019,VACCINATIONS5
2071,Estonia,F7-4250,25/03/2019,GROOMING3
2050,Estonia,E2-3054,24/04/2018,VACCINATIONS5
2054,Lithuania,E4-8256,21/08/2018,GROOMING1
2047,Estonia,E6-9120,01/03/2018,VACCINATIONS5
2049,Latvia,E8-9774,26/09/2018,VACCINATIONS5
2045,Lithuania,F1-5729,21/05/2019,VACCINATIONS5
2036,Lithuania,E3-3224,12/01/2019,VACCINATIONS5
2033,Lithuania,E9-9490,20/04/2019,VACCINATIONS5
2034,Estonia,F5-7751,02/10/2018,VACCINATIONS5
2038,Lithuania,M2-1131,18/11/2018,ORTHOPEDIC5
2028,Lithuania,E4-5441,27/07/2018,VACCINATIONS5
2025,Lithuania,F7-4070,13/04/2018,VACCINATIONS5
2026,Estonia,F9-2587,28/06/2019,VACCINATIONS5
2021,Estonia,E0-5837,18/02/2019,VACCINATIONS5
2023,Lithuania,F9-1159,06/04/2019,GROOMING3
2019,Latvia,J2-4382,09/07/2019,GENERAL SURGERIES3
2018,Lithuania,E5-7492,04/01/2018,GROOMING3
2017,Estonia,F0-8915,10/11/2018,GROOMING1
2015,Latvia,E8-2051,12/07/2018,VACCINATIONS1
2011,Lithuania,E2-1326,23/11/2018,VACCINATIONS5
2009,Latvia,E1-6359,25/08/2019,GENERAL SURGERIES3
2002,Latvia,E3-6620,12/06/2019,VACCINATIONS5
1992,Estonia,E6-9177,29/08/2019,VACCINATIONS5
2008,Latvia,E8-1619,04/07/2018,GROOMING1
1996,Lithuania,F7-9769,04/07/2018,VACCINATIONS5
2003,Latvia,F8-8421,07/09/2019,VACCINATIONS5
1989,Estonia,E0-5186,07/10/2018,GROOMING3
1988,Lithuania,E1-4940,08/05/2019,ORTHOPEDIC7
1982,Estonia,F8-3712,23/11/2018,VACCINATIONS5
1979,Lithuania,F8-1324,08/07/2019,GROOMING1
1977,Lithuania,E4-2177,06/07/2018,GROOMING1
1976,Lithuania,E4-6905,14/02/2019,VACCINATIONS5
1974,Estonia,E7-9831,03/07/2018,VACCINATIONS5
1971,Lithuania,F3-4519,11/04/2018,VACCINATIONS5
1975,Latvia,F9-9972,17/06/2019,VACCINATIONS5
1968,Latvia,F0-6226,19/10/2018,VACCINATIONS5
1969,Lithuania,F9-6665,23/01/2019,GROOMING1
1961,Lithuania,F3-4958,30/09/2018,GROOMING1
1958,Estonia,F5-6838,24/03/2019,GENERAL SURGERIES3
1955,Lithuania,F5-5330,22/05/2018,VACCINATIONS5
1952,Lithuania,E7-4603,07/04/2018,VACCINATIONS5
1950,Lithuania,E7-5762,08/09/2018,VACCINATIONS5
1953,Estonia,F8-6190,12/02/2019,GROOMING1
1941,Latvia,E7-9864,05/09/2018,VACCINATIONS5
1942,Estonia,K0-8177,27/02/2019,VACCINATIONS5
1928,Latvia,E8-4733,24/01/2019,VACCINATIONS5
1932,Lithuania,F0-6922,14/02/2019,VACCINATIONS5
1937,Estonia,F0-7199,27/05/2018,GROOMING1
1924,Lithuania,F1-8372,14/01/2019,VACCINATIONS5
1939,Estonia,F8-6703,26/07/2018,GENERAL SURGERIES3
1933,Lithuania,Q8-8753,07/07/2019,VACCINATIONS5
1922,Lithuania,F1-1291,25/03/2018,GROOMING1
1920,Lithuania,F1-7855,23/06/2019,VACCINATIONS3
1921,Lithuania,F6-4069,30/03/2018,VACCINATIONS5
1916,Estonia,E3-4578,20/01/2018,VACCINATIONS6
1918,Lithuania,E6-7833,18/09/2018,OFFICE FEES3
1914,Estonia,F2-9271,19/03/2018,VACCINATIONS5
1915,Latvia,T0-5705,13/07/2019,VACCINATIONS5
1897,Lithuania,E3-6591,07/02/2018,VACCINATIONS5
1902,Latvia,E7-7161,02/03/2018,GENERAL SURGERIES6
1900,Lithuania,F2-9481,09/07/2019,VACCINATIONS5
1906,Lithuania,F7-5627,04/08/2018,GROOMING3
1896,Lithuania,F9-2168,11/04/2019,VACCINATIONS5
1894,Latvia,F9-4765,23/03/2019,VACCINATIONS5
1877,Latvia,F6-3583,19/05/2019,VACCINATIONS5
1882,Latvia,F7-6109,15/02/2019,VACCINATIONS5
1874,Lithuania,F3-1296,21/02/2019,VACCINATIONS5
1873,Latvia,E4-8164,05/06/2019,GROOMING3
1860,Lithuania,E3-2969,11/05/2018,VACCINATIONS5
1861,Estonia,E6-6129,04/06/2018,VACCINATIONS5
1859,Estonia,F6-7584,30/09/2018,ORTHOPEDIC1
1862,Latvia,F7-5556,28/09/2018,VACCINATIONS5
1856,Estonia,E2-6509,24/07/2018,GROOMING3
1847,Estonia,E0-6432,19/06/2019,VACCINATIONS5
1844,Latvia,E5-1597,06/06/2019,VACCINATIONS5
1843,Lithuania,J1-6366,22/05/2019,GENERAL SURGERIES17
1838,Latvia,E1-7255,04/08/2018,VACCINATIONS5
1841,Estonia,E4-6818,16/04/2019,GROOMING3
1826,Estonia,F1-3759,21/04/2019,VACCINATIONS5
1828,Lithuania,F3-2489,02/07/2018,VACCINATIONS5
1822,Latvia,U6-4890,30/08/2019,VACCINATIONS5
1820,Estonia,E8-5483,23/11/2018,GROOMING3
1814,Lithuania,E2-7521,14/02/2019,VACCINATIONS5
1812,Lithuania,E7-1178,07/06/2018,VACCINATIONS5
1807,Latvia,F5-8231,04/12/2018,VACCINATIONS5
1802,Latvia,E0-6328,04/03/2019,VACCINATIONS5
1801,Latvia,E3-9205,28/04/2018,VACCINATIONS5
1803,Lithuania,F1-7056,23/09/2019,VACCINATIONS5
1800,Estonia,E6-8207,28/09/2019,GENERAL SURGERIES3
1792,Lithuania,E7-4876,06/10/2018,VACCINATIONS5
1790,Lithuania,E7-8758,27/01/2018,VACCINATIONS5
1798,Latvia,F5-5303,13/03/2018,GROOMING1
1794,Latvia,F6-6812,19/06/2018,VACCINATIONS5
1786,Latvia,G9-0817,04/05/2019,VACCINATIONS5
1778,Latvia,E9-4149,12/07/2018,GENERAL SURGERIES19
1782,Lithuania,F1-6479,11/01/2019,VACCINATIONS5
1777,Lithuania,F2-8407,19/01/2018,GENERAL SURGERIES19
1772,Latvia,E5-2475,13/04/2018,VACCINATIONS6
1775,Estonia,F4-5237,14/05/2018,VACCINATIONS5
1771,Lithuania,E2-6480,26/09/2018,GROOMING1
1767,Estonia,E3-3079,16/08/2018,GROOMING3
1763,Latvia,E6-2909,30/12/2018,VACCINATIONS5
1764,Latvia,F6-7385,25/07/2019,ORTHOPEDIC7
1757,Latvia,E2-1244,10/08/2019,VACCINATIONS5
1759,Lithuania,P2-7342,28/02/2018,VACCINATIONS5
1752,Latvia,F2-5490,05/10/2018,VACCINATIONS5
1754,Latvia,X0-8765,15/05/2019,GENERAL SURGERIES8
1741,Estonia,E0-8136,16/06/2018,GENERAL SURGERIES8
1746,Latvia,E6-3526,20/05/2018,GENERAL SURGERIES16
1743,Estonia,E8-6560,05/04/2018,VACCINATIONS5
1740,Estonia,F7-5220,24/07/2018,ORTHOPEDIC9
1744,Latvia,F8-2249,22/01/2018,VACCINATIONS5
1739,Latvia,F0-1174,13/01/2019,GROOMING1
1732,Estonia,F2-5525,01/02/2018,VACCINATIONS5
1730,Latvia,Q2-3642,06/08/2019,ORTHOPEDIC9
1728,Latvia,E4-5313,27/02/2019,GENERAL SURGERIES3
1727,Estonia,F4-7521,28/08/2019,VACCINATIONS5
1726,Latvia,E5-4073,01/02/2019,VACCINATIONS5
1724,Lithuania,E3-2137,21/06/2019,GENERAL SURGERIES19
1722,Latvia,E9-2823,06/09/2018,ORTHOPEDIC1
1713,Estonia,F3-9741,10/09/2018,VACCINATIONS5
1709,Estonia,E6-1614,01/09/2019,GROOMING3
1701,Latvia,F1-3946,15/03/2019,VACCINATIONS5
1704,Latvia,F5-2718,24/09/2018,VACCINATIONS5
1708,Lithuania,F5-2775,12/09/2019,GROOMING2
1698,Latvia,F3-7262,09/05/2018,GENERAL SURGERIES3
1687,Estonia,F9-5716,29/04/2018,VACCINATIONS5
1679,Lithuania,E2-1206,12/10/2018,VACCINATIONS5
1680,Estonia,F7-6374,15/06/2019,VACCINATIONS5
1662,Lithuania,E0-9256,01/03/2019,VACCINATIONS5
1676,Estonia,E4-4990,27/06/2018,GROOMING3
1657,Lithuania,E5-4647,10/03/2018,VACCINATIONS5
1659,Latvia,E6-1383,08/08/2018,VACCINATIONS5
1666,Estonia,F3-1606,18/07/2019,VACCINATIONS5
1661,Lithuania,F7-7811,08/09/2019,VACCINATIONS5
1656,Latvia,M8-7852,15/03/2019,VACCINATIONS5
1665,Lithuania,N0-9539,05/06/2019,VACCINATIONS5
1649,Lithuania,F1-3954,28/08/2018,VACCINATIONS5
1639,Latvia,E7-9280,13/09/2018,VACCINATIONS5
1647,Lithuania,E7-9507,12/07/2018,GROOMING3
1640,Latvia,F3-2949,20/08/2018,VACCINATIONS5
1637,Estonia,F7-9251,07/02/2018,VACCINATIONS5
1642,Lithuania,K0-8177,07/11/2018,VACCINATIONS5
1635,Latvia,F8-5367,16/08/2018,VACCINATIONS5
1632,Lithuania,F3-7323,15/05/2018,VACCINATIONS5
1626,Estonia,E6-6933,08/07/2019,VACCINATIONS4
1629,Latvia,E8-8645,12/06/2019,VACCINATIONS5
1631,Lithuania,F6-9596,14/06/2019,GROOMING3
1621,Latvia,E9-4320,04/07/2019,VACCINATIONS5
1622,Estonia,F1-2388,15/02/2018,GENERAL SURGERIES13
1616,Latvia,F1-7580,01/04/2019,VACCINATIONS5
1615,Estonia,F5-1929,09/04/2018,VACCINATIONS5
1614,Lithuania,F6-6662,05/07/2018,VACCINATIONS5
1617,Lithuania,O6-3123,05/06/2019,VACCINATIONS5
1611,Estonia,E6-7577,25/05/2019,GROOMING1
1610,Estonia,F8-4755,05/04/2018,VACCINATIONS5
1612,Estonia,F8-8957,13/05/2018,ORTHOPEDIC4
1606,Lithuania,E3-9712,18/04/2019,GENERAL SURGERIES3
1598,Lithuania,F0-9778,04/06/2019,VACCINATIONS5
1602,Estonia,F3-7360,23/08/2019,GROOMING2
1604,Estonia,F7-2944,15/06/2018,GROOMING3
1592,Latvia,F0-3819,22/07/2019,VACCINATIONS5
1581,Lithuania,E4-1841,03/07/2018,VACCINATIONS5
1585,Latvia,E8-9436,08/01/2019,GROOMING3
1578,Latvia,E1-9999,07/08/2018,VACCINATIONS5
1574,Estonia,F6-9380,05/05/2018,VACCINATIONS4
1573,Estonia,E2-3908,20/02/2019,VACCINATIONS5
1571,Latvia,F0-6228,08/07/2018,VACCINATIONS5
1559,Estonia,E4-4654,03/03/2019,VACCINATIONS5
1566,Latvia,E7-3999,23/01/2018,GROOMING3
1570,Latvia,F2-5772,23/12/2018,GENERAL SURGERIES3
1560,Latvia,F5-2863,31/01/2018,VACCINATIONS5
1547,Lithuania,F2-4105,24/01/2018,VACCINATIONS5
1545,Lithuania,E7-6171,17/02/2019,VACCINATIONS5
1546,Lithuania,F3-7090,19/04/2018,VACCINATIONS6
1540,Latvia,F0-1121,19/09/2018,VACCINATIONS5
1536,Estonia,E3-4289,29/11/2018,GENERAL SURGERIES18
1532,Estonia,E3-6030,02/02/2018,VACCINATIONS5
1525,Lithuania,E4-3798,11/06/2018,VACCINATIONS1
1527,Estonia,E7-5573,06/08/2019,VACCINATIONS5
1537,Latvia,F6-5510,09/08/2018,ORTHOPEDIC4
1538,Estonia,F9-4556,12/12/2018,GROOMING3
1516,Latvia,E2-5983,13/01/2018,VACCINATIONS5
1512,Estonia,E2-8406,22/03/2018,VACCINATIONS5
1522,Lithuania,E6-9420,12/01/2018,GENERAL SURGERIES3
1514,Estonia,F4-6388,14/02/2018,VACCINATIONS5
1523,Latvia,F8-2256,05/09/2019,GENERAL SURGERIES3
1521,Lithuania,F8-7251,12/07/2018,GROOMING1
1511,Estonia,F9-9495,13/02/2019,VACCINATIONS5
1507,Latvia,E3-7060,17/02/2018,VACCINATIONS5
1506,Estonia,F9-9096,01/01/2018,VACCINATIONS5
1485,Estonia,E6-7182,09/07/2019,GROOMING2
1505,Lithuania,E7-8559,17/12/2018,GROOMING1
1494,Estonia,F4-3245,29/08/2018,VACCINATIONS5
1502,Lithuania,F4-3259,20/11/2018,GROOMING1
1498,Estonia,F5-4189,30/08/2018,VACCINATIONS5
1504,Latvia,F7-8631,12/09/2018,GROOMING1
1486,Estonia,F8-3927,14/10/2018,VACCINATIONS6
1501,Lithuania,J6-8562,05/09/2018,GENERAL SURGERIES8
1478,Estonia,E2-3876,05/09/2019,VACCINATIONS5
1480,Estonia,E4-5478,01/10/2019,GENERAL SURGERIES13
1475,Latvia,F4-3338,02/08/2019,VACCINATIONS5
1479,Lithuania,F8-8489,14/10/2018,GENERAL SURGERIES7
1471,Estonia,E9-9428,31/12/2018,GROOMING1
1473,Estonia,U8-6473,17/12/2018,GROOMING1
1462,Latvia,E7-3619,14/09/2019,VACCINATIONS5
1465,Latvia,F0-2209,20/12/2018,GENERAL SURGERIES18
1464,Estonia,F3-2944,01/09/2018,VACCINATIONS5
1469,Estonia,F3-5414,30/04/2018,GROOMING1
1459,Latvia,F4-8162,01/04/2018,VACCINATIONS5
1447,Estonia,E1-1725,02/05/2018,GENERAL SURGERIES18
1444,Latvia,E2-3845,25/01/2019,VACCINATIONS5
1446,Lithuania,F6-1280,20/02/2019,VACCINATIONS5
1439,Estonia,F8-9832,29/04/2018,GENERAL SURGERIES14
1434,Estonia,E7-8401,04/07/2019,VACCINATIONS5
1433,Estonia,F0-1964,17/03/2019,VACCINATIONS5
1429,Lithuania,E8-4540,10/03/2019,VACCINATIONS5
1428,Estonia,E6-9634,26/12/2018,GENERAL SURGERIES1
1425,Latvia,E6-6053,11/04/2019,GENERAL SURGERIES8
1421,Estonia,E8-9512,14/02/2019,VACCINATIONS5
1423,Lithuania,F0-6060,19/01/2018,ORTHOPEDIC6
1422,Latvia,F7-7540,05/11/2018,GENERAL SURGERIES4
1415,Latvia,F9-7584,01/05/2019,VACCINATIONS5
1406,Lithuania,F2-9670,25/08/2019,VACCINATIONS5
1399,Estonia,E7-9716,15/08/2018,VACCINATIONS5
1400,Estonia,E8-5184,14/07/2019,VACCINATIONS5
1391,Latvia,E2-9698,03/07/2019,GROOMING3
1392,Estonia,E3-5640,27/02/2019,ORTHOPEDIC8
1390,Lithuania,E5-9337,03/10/2018,VACCINATIONS5
1385,Latvia,F0-5404,28/04/2019,VACCINATIONS5
1388,Latvia,F7-3477,19/07/2018,VACCINATIONS5
1379,Lithuania,E3-4886,16/03/2018,VACCINATIONS5
1382,Latvia,E8-4126,07/03/2019,OFFICE FEES2
1384,Latvia,F0-7046,11/03/2019,GENERAL SURGERIES3
1377,Lithuania,F0-8651,18/07/2018,VACCINATIONS5
1374,Lithuania,F6-7787,15/01/2019,VACCINATIONS2
1380,Estonia,F9-4898,22/12/2018,VACCINATIONS5
1381,Latvia,L0-6660,19/01/2019,ORTHOPEDIC1
1372,Lithuania,F1-8904,15/04/2019,GENERAL SURGERIES3
1369,Latvia,F5-7292,11/03/2019,ORTHOPEDIC7
1371,Latvia,F8-7242,01/02/2018,GROOMING1
1361,Lithuania,E2-5862,07/09/2019,GROOMING3
1359,Latvia,F9-2183,20/02/2019,VACCINATIONS3
1345,Estonia,E1-8501,25/08/2018,VACCINATIONS5
1354,Latvia,E5-4797,21/08/2018,VACCINATIONS5
1349,Latvia,E6-5808,21/02/2018,VACCINATIONS5
1356,Latvia,E7-6791,25/05/2018,VACCINATIONS5
1357,Latvia,F1-7620,18/05/2018,GROOMING1
1355,Lithuania,F5-3967,18/10/2018,VACCINATIONS5
1348,Estonia,G6-6501,15/02/2019,VACCINATIONS5
1347,Lithuania,V7-6771,21/09/2018,VACCINATIONS5
1343,Latvia,E1-4861,07/08/2019,GROOMING1
1340,Estonia,E1-7480,23/03/2019,ORTHOPEDIC2
1342,Estonia,E5-8162,03/10/2018,GROOMING1
1338,Lithuania,E8-2573,05/08/2019,VACCINATIONS5
1335,Estonia,F1-1448,26/07/2018,VACCINATIONS5
1341,Estonia,F8-3612,28/02/2018,GROOMING3
1326,Estonia,E6-8553,08/07/2018,GROOMING3
1327,Estonia,E9-9238,14/04/2019,GROOMING3
1321,Lithuania,F7-7857,25/05/2018,GENERAL SURGERIES18
1320,Estonia,E5-4359,23/03/2018,GROOMING3
1313,Estonia,E3-9311,08/10/2018,VACCINATIONS5
1318,Estonia,F7-6430,24/09/2019,GENERAL SURGERIES3
1312,Lithuania,M0-2904,11/08/2019,VACCINATIONS5
1291,Estonia,E2-2327,22/08/2018,VACCINATIONS5
1300,Latvia,F6-3942,15/01/2018,VACCINATIONS5
1302,Lithuania,F9-6649,15/08/2018,VACCINATIONS5
1286,Latvia,F5-3974,25/03/2019,VACCINATIONS5
1289,Lithuania,F9-4005,11/12/2018,ORTHOPEDIC7
1283,Estonia,E4-1115,22/05/2019,VACCINATIONS5
1277,Estonia,E1-6058,25/02/2018,VACCINATIONS5
1281,Estonia,F1-2589,11/11/2018,GROOMING1
1282,Lithuania,F4-9538,28/01/2019,GROOMING1
1275,Estonia,F6-4607,23/06/2019,VACCINATIONS5
1278,Estonia,F6-9376,16/10/2018,VACCINATIONS5
1268,Latvia,E3-4814,23/01/2019,VACCINATIONS5
1272,Latvia,F5-1488,12/09/2018,GROOMING2
1253,Estonia,E7-3970,14/06/2019,VACCINATIONS5
1265,Estonia,F5-9974,15/07/2018,GROOMING3
1264,Estonia,F6-6951,26/11/2018,GENERAL SURGERIES18
1258,Latvia,F8-3580,22/05/2019,VACCINATIONS5
1247,Latvia,E2-3917,24/04/2018,GROOMING3
1246,Estonia,F6-2293,29/09/2018,GROOMING3
1244,Estonia,F9-5271,05/07/2018,VACCINATIONS5
1240,Latvia,F2-7294,27/09/2019,GROOMING1
1238,Estonia,F8-2402,08/06/2018,GROOMING3
1239,Lithuania,F8-6720,04/01/2018,GROOMING1
1232,Lithuania,E7-3386,18/03/2018,GROOMING1
1222,Estonia,E7-8027,06/04/2018,VACCINATIONS5
1225,Latvia,F5-4551,26/08/2019,VACCINATIONS5
1212,Estonia,E1-2275,18/04/2019,VACCINATIONS5
1221,Estonia,E6-6413,24/01/2019,GROOMING1
1215,Lithuania,U8-6473,18/03/2019,VACCINATIONS5
1209,Latvia,E6-2274,07/01/2019,VACCINATIONS5
1206,Lithuania,F4-3867,27/03/2019,VACCINATIONS5
1204,Lithuania,E6-8982,05/10/2018,VACCINATIONS5
1205,Lithuania,F1-6182,10/02/2019,VACCINATIONS5
1185,Latvia,E7-5558,17/03/2018,VACCINATIONS5
1200,Latvia,E7-7808,07/03/2019,GROOMING3
1192,Lithuania,E8-3958,27/04/2018,VACCINATIONS5
1183,Estonia,E8-8672,27/11/2018,VACCINATIONS5
1203,Latvia,F3-5833,25/09/2018,GENERAL SURGERIES3
1179,Estonia,F7-6955,29/03/2018,GENERAL SURGERIES9
1202,Estonia,F9-8485,17/12/2018,GROOMING3
1199,Lithuania,P0-1725,28/01/2018,GROOMING3
1174,Lithuania,E1-2250,10/01/2018,VACCINATIONS5
1172,Estonia,E2-4797,28/04/2019,VACCINATIONS5
1162,Lithuania,E5-5800,22/11/2018,VACCINATIONS5
1168,Estonia,E7-1326,26/09/2018,VACCINATIONS2
1165,Estonia,F9-5469,18/03/2019,VACCINATIONS5
1158,Latvia,F1-6850,10/09/2019,GENERAL SURGERIES10
1153,Latvia,F1-5749,08/09/2018,VACCINATIONS5
1152,Latvia,F6-8940,09/04/2019,VACCINATIONS5
1151,Lithuania,F7-2770,06/10/2018,VACCINATIONS5
1139,Lithuania,E1-1390,14/06/2018,VACCINATIONS5
1146,Estonia,E5-1619,17/02/2019,GROOMING3
1141,Estonia,E7-9326,22/10/2018,VACCINATIONS5
1148,Estonia,F3-1138,22/02/2019,GROOMING1
1142,Estonia,F5-6021,27/11/2018,VACCINATIONS5
1137,Latvia,F5-4635,11/12/2018,GROOMING3
1125,Estonia,E4-6366,11/07/2018,VACCINATIONS5
1127,Latvia,E5-9204,20/08/2019,GROOMING1
1128,Lithuania,E7-9206,18/06/2018,GROOMING1
1130,Latvia,F7-3470,13/03/2019,GENERAL SURGERIES3
1119,Latvia,F1-9228,10/12/2018,GENERAL SURGERIES5
1116,Estonia,E3-4617,23/05/2018,GENERAL SURGERIES11
1117,Estonia,F8-3242,04/06/2018,GROOMING1
1106,Lithuania,E5-2980,02/09/2019,GROOMING3
1109,Estonia,E5-9312,16/03/2018,GROOMING1
1107,Latvia,F6-4371,20/02/2018,GROOMING3
1104,Estonia,F7-1817,02/10/2018,GENERAL SURGERIES6
1101,Latvia,F8-2527,20/11/2018,VACCINATIONS5
1091,Estonia,E6-2359,24/08/2019,VACCINATIONS5
1087,Latvia,E6-8421,23/01/2018,VACCINATIONS5
1094,Latvia,E9-9341,27/08/2018,VACCINATIONS4
1089,Latvia,F1-1425,24/01/2018,VACCINATIONS5
1088,Latvia,F1-7512,30/03/2018,VACCINATIONS5
1095,Estonia,F8-9816,20/07/2019,VACCINATIONS5
1081,Lithuania,F8-1254,28/01/2019,VACCINATIONS5
1079,Lithuania,E2-5304,14/09/2018,GROOMING3
1080,Lithuania,E4-5302,23/09/2019,GROOMING1
1076,Latvia,F8-4845,05/01/2019,VACCINATIONS5
1072,Latvia,E7-7457,16/05/2018,OFFICE FEES1
1068,Lithuania,E4-6039,29/04/2019,VACCINATIONS5
1063,Latvia,E1-4479,28/07/2019,VACCINATIONS5
1061,Estonia,E7-8191,18/07/2018,GROOMING3
1060,Latvia,F1-8667,27/04/2019,GENERAL SURGERIES2
1058,Lithuania,E7-4333,09/04/2018,GROOMING3
1059,Estonia,F9-5284,17/08/2019,GROOMING1
1054,Estonia,E0-7252,20/08/2018,VACCINATIONS5
1057,Latvia,F5-1252,14/02/2019,GROOMING1
1048,Latvia,E8-5291,02/12/2018,VACCINATIONS5
1045,Estonia,F3-3894,21/06/2019,VACCINATIONS5
1043,Lithuania,E3-2354,08/10/2018,GROOMING1
1040,Estonia,E5-1832,19/07/2019,GROOMING1
1035,Estonia,E9-4587,08/03/2018,VACCINATIONS5
1036,Estonia,F4-3311,02/02/2018,VACCINATIONS5
1033,Lithuania,E6-8781,09/02/2019,VACCINATIONS5
1032,Estonia,E7-9939,19/01/2018,GROOMING1
1026,Latvia,F2-3491,06/03/2018,ORTHOPEDIC3
1024,Latvia,F3-1154,22/11/2018,VACCINATIONS5
1020,Estonia,F9-8058,22/08/2018,VACCINATIONS5
1019,Estonia,J8-7429,30/03/2018,VACCINATIONS5
1016,Latvia,F0-8583,25/09/2019,VACCINATIONS5
1007,Latvia,E2-6260,30/10/2018,VACCINATIONS5
1004,Estonia,E5-4560,02/05/2018,VACCINATIONS5
998,Latvia,E5-8537,07/08/2018,VACCINATIONS5
1002,Lithuania,E7-3466,03/06/2019,VACCINATIONS5
1013,Latvia,E8-8170,27/03/2019,GROOMING3
999,Estonia,F5-9102,10/04/2018,VACCINATIONS5
1005,Lithuania,F5-9656,24/05/2019,VACCINATIONS5
995,Latvia,F0-3289,18/03/2018,GROOMING1
993,Estonia,F1-9847,05/10/2018,GENERAL SURGERIES17
996,Lithuania,F4-4066,16/10/2018,GENERAL SURGERIES3
981,Latvia,E8-5117,26/07/2018,VACCINATIONS5
989,Latvia,F3-2550,05/02/2019,GROOMING1
984,Estonia,F8-8687,18/07/2019,VACCINATIONS5
962,Estonia,E1-4076,09/03/2018,VACCINATIONS5
952,Estonia,E3-6883,08/08/2018,GENERAL SURGERIES18
959,Lithuania,E3-7215,29/08/2019,VACCINATIONS5
974,Lithuania,E9-2709,12/07/2019,GROOMING3
957,Lithuania,F5-1753,30/06/2018,VACCINATIONS5
953,Latvia,F7-9566,17/05/2019,VACCINATIONS1
954,Latvia,F8-8029,02/01/2019,VACCINATIONS6
965,Latvia,I2-7926,16/09/2019,VACCINATIONS5
951,Latvia,E3-9567,15/06/2018,GENERAL SURGERIES10
949,Estonia,F9-2386,23/12/2018,VACCINATIONS5
943,Lithuania,E1-7954,16/10/2018,GROOMING3
938,Estonia,E4-3951,24/06/2018,VACCINATIONS5
945,Lithuania,E6-1436,08/03/2018,GROOMING3
935,Estonia,E6-4617,04/01/2018,GROOMING1
933,Estonia,F1-9992,03/10/2018,GENERAL SURGERIES17
934,Lithuania,F3-9046,25/12/2018,GROOMING1
936,Estonia,F3-9662,26/01/2018,GENERAL SURGERIES3
927,Latvia,F4-7182,06/01/2019,VACCINATIONS5
931,Estonia,F5-8305,18/02/2019,VACCINATIONS5
922,Latvia,F7-2753,07/12/2018,VACCINATIONS3
921,Estonia,F0-1142,22/07/2018,VACCINATIONS5
919,Lithuania,E8-1695,18/03/2019,GROOMING3
918,Latvia,E9-8534,05/03/2018,GROOMING3
915,Lithuania,F5-7814,27/09/2019,GENERAL SURGERIES5
911,Latvia,E4-4593,28/07/2019,GROOMING1
907,Lithuania,F1-2678,14/08/2019,GENERAL SURGERIES3
905,Estonia,E4-2289,19/01/2018,VACCINATIONS5
904,Latvia,F1-8811,01/03/2019,VACCINATIONS5
895,Estonia,F6-9353,27/03/2018,GENERAL SURGERIES3
887,Lithuania,E5-1136,21/08/2019,VACCINATIONS5
885,Latvia,F0-5154,21/06/2019,VACCINATIONS5
891,Lithuania,F1-9976,25/02/2018,GROOMING3
882,Estonia,E5-9793,08/01/2018,GROOMING3
877,Latvia,E7-1431,03/08/2018,VACCINATIONS5
878,Latvia,F9-6558,26/10/2018,VACCINATIONS5
865,Estonia,E1-2057,29/03/2019,VACCINATIONS5
869,Estonia,E7-4589,08/04/2019,VACCINATIONS5
861,Latvia,E8-3779,16/10/2018,VACCINATIONS5
875,Latvia,E8-6168,24/11/2018,GROOMING1
858,Latvia,F3-6068,13/12/2018,VACCINATIONS5
872,Lithuania,F4-2747,20/08/2018,GROOMING3
863,Estonia,F5-2914,03/02/2018,VACCINATIONS5
873,Estonia,F6-2828,10/05/2018,GROOMING3
852,Estonia,F5-4822,03/03/2019,VACCINATIONS5
851,Latvia,F6-2414,28/06/2018,VACCINATIONS5
840,Estonia,E1-5634,20/05/2019,VACCINATIONS5
833,Lithuania,E6-5071,24/08/2018,VACCINATIONS5
838,Latvia,E6-5903,07/10/2018,VACCINATIONS5
831,Latvia,E9-5103,22/10/2018,VACCINATIONS5
832,Lithuania,F0-5461,25/11/2018,VACCINATIONS5
826,Lithuania,F4-3527,17/09/2018,VACCINATIONS5
825,Latvia,F8-6837,15/08/2019,VACCINATIONS5
839,Lithuania,J8-7429,20/01/2018,VACCINATIONS5
845,Estonia,Q9-1565,18/01/2018,GROOMING3
820,Estonia,F2-9640,01/01/2018,VACCINATIONS5
824,Lithuania,F5-5166,28/04/2019,GENERAL SURGERIES3
810,Latvia,F0-6673,15/06/2019,VACCINATIONS5
806,Lithuania,E3-2957,06/08/2019,VACCINATIONS5
809,Estonia,F5-3221,24/08/2019,GENERAL SURGERIES5
797,Estonia,E3-4426,05/01/2018,VACCINATIONS5
802,Estonia,E6-7012,01/03/2019,GENERAL SURGERIES2
788,Latvia,E8-7263,05/07/2018,VACCINATIONS3
798,Latvia,F4-3913,14/08/2019,VACCINATIONS5
790,Latvia,F5-5248,30/01/2019,VACCINATIONS5
804,Estonia,F8-3070,27/01/2019,GROOMING1
805,Estonia,F8-8355,05/05/2019,GENERAL SURGERIES3
799,Latvia,J8-7429,12/09/2019,VACCINATIONS5
786,Estonia,E6-1780,16/03/2019,GENERAL SURGERIES11
779,Estonia,E5-3122,23/10/2018,VACCINATIONS5
781,Estonia,F5-1447,25/02/2019,VACCINATIONS5
784,Latvia,F8-4837,08/08/2019,GROOMING1
765,Estonia,E1-6258,03/01/2018,GENERAL SURGERIES3
770,Estonia,F0-4994,24/08/2018,VACCINATIONS5
767,Latvia,F4-5144,28/03/2019,VACCINATIONS5
766,Latvia,F7-8439,10/04/2018,VACCINATIONS5
764,Latvia,F1-7459,02/10/2018,GROOMING1
760,Latvia,F2-3197,11/05/2018,VACCINATIONS5
762,Latvia,F3-3466,08/05/2019,VACCINATIONS5
758,Estonia,E7-7110,29/09/2018,GENERAL SURGERIES16
755,Lithuania,E2-7949,17/03/2018,GROOMING3
748,Latvia,E5-6695,30/07/2018,VACCINATIONS5
751,Lithuania,F4-7604,09/03/2018,GROOMING1
750,Estonia,F5-1064,29/05/2019,VACCINATIONS5
752,Estonia,F6-5223,01/07/2019,GROOMING1
745,Lithuania,E1-6562,18/01/2018,GROOMING3
742,Estonia,E2-3339,10/08/2019,VACCINATIONS5
735,Lithuania,F2-9012,20/03/2018,GENERAL SURGERIES7
734,Lithuania,F2-7936,21/03/2019,VACCINATIONS5
733,Lithuania,F0-9964,04/03/2019,GENERAL SURGERIES3
728,Latvia,F8-6584,16/09/2018,VACCINATIONS5
705,Estonia,E0-8777,31/01/2018,VACCINATIONS5
713,Lithuania,F1-5334,18/05/2019,GENERAL SURGERIES5
708,Lithuania,F1-8270,25/10/2018,VACCINATIONS5
712,Lithuania,F3-8731,29/07/2018,VACCINATIONS5
704,Lithuania,F5-7839,24/12/2018,VACCINATIONS5
702,Lithuania,E0-6663,06/05/2018,VACCINATIONS5
701,Latvia,E4-1612,21/02/2019,GENERAL SURGERIES3
700,Latvia,F7-3220,09/04/2019,GROOMING1
692,Latvia,E3-7534,05/06/2018,VACCINATIONS5
690,Lithuania,E9-7710,22/09/2018,GROOMING3
685,Lithuania,F7-1023,07/11/2018,VACCINATIONS5
677,Lithuania,E6-5291,25/02/2018,VACCINATIONS5
682,Estonia,E7-8493,25/09/2019,GROOMING3
679,Latvia,E8-6865,23/04/2019,VACCINATIONS2
675,Lithuania,E9-3443,07/09/2018,GENERAL SURGERIES4
680,Latvia,F4-4875,04/03/2018,ORTHOPEDIC4
676,Lithuania,F9-3083,05/11/2018,VACCINATIONS5
669,Latvia,E7-5172,14/03/2019,VACCINATIONS5
668,Estonia,F2-6425,16/08/2018,VACCINATIONS5
666,Estonia,E1-7685,20/06/2019,GENERAL SURGERIES3
661,Lithuania,E6-5907,11/07/2019,VACCINATIONS5
662,Lithuania,F5-2884,27/08/2019,VACCINATIONS5
658,Lithuania,F0-3403,22/08/2018,GROOMING1
655,Estonia,E1-7518,06/01/2019,VACCINATIONS5
650,Latvia,F3-2041,05/03/2018,VACCINATIONS5
643,Estonia,F1-5049,30/07/2019,VACCINATIONS5
649,Estonia,F5-6837,13/06/2018,GENERAL SURGERIES3
641,Latvia,F8-9840,01/07/2019,VACCINATIONS5
635,Lithuania,E6-1657,04/07/2018,GROOMING3
633,Latvia,E6-7371,04/09/2019,GROOMING3
631,Latvia,E8-4074,21/09/2019,VACCINATIONS5
614,Lithuania,E1-3210,25/01/2018,VACCINATIONS5
624,Latvia,E3-4254,18/04/2019,GROOMING3
613,Latvia,E6-7455,23/08/2018,VACCINATIONS5
626,Estonia,F0-4848,30/07/2019,GROOMING3
621,Latvia,F0-7168,24/05/2018,VACCINATIONS5
616,Latvia,F7-1464,20/02/2018,VACCINATIONS5
611,Estonia,F7-3023,26/12/2018,GENERAL SURGERIES18
608,Lithuania,E6-9450,20/05/2019,VACCINATIONS5
605,Lithuania,E7-8541,26/02/2019,VACCINATIONS5
602,Lithuania,E8-8203,06/04/2019,VACCINATIONS5
603,Latvia,E9-2241,03/09/2018,VACCINATIONS5
599,Lithuania,F5-4688,04/11/2018,GENERAL SURGERIES8
596,Latvia,E9-6048,16/07/2018,GROOMING3
593,Estonia,E1-2059,10/09/2018,GROOMING1
592,Latvia,E9-5128,06/07/2018,GENERAL SURGERIES5
576,Latvia,E8-3254,10/07/2018,VACCINATIONS5
581,Estonia,X0-8765,21/12/2018,VACCINATIONS5
573,Estonia,E6-7344,12/08/2019,GROOMING3
569,Lithuania,F1-4380,07/08/2019,VACCINATIONS5
572,Latvia,F5-4589,03/08/2019,VACCINATIONS5
561,Lithuania,E5-5442,15/07/2018,GENERAL SURGERIES3
552,Estonia,E1-8186,21/08/2018,GENERAL SURGERIES11
553,Estonia,F6-8218,04/12/2018,VACCINATIONS5
558,Latvia,F7-8503,06/07/2018,GROOMING3
551,Estonia,F6-2215,03/04/2018,VACCINATIONS3
547,Latvia,E0-5516,25/12/2018,GROOMING1
531,Latvia,E1-3828,30/06/2019,VACCINATIONS5
544,Estonia,E3-5616,20/02/2019,GENERAL SURGERIES13
537,Latvia,E6-3149,30/08/2019,VACCINATIONS5
523,Latvia,E6-8656,17/09/2018,VACCINATIONS5
538,Estonia,E8-2043,19/05/2019,VACCINATIONS5
549,Estonia,E9-3231,01/04/2019,GROOMING1
533,Latvia,F2-9685,22/08/2018,VACCINATIONS5
536,Latvia,F4-8195,30/07/2018,VACCINATIONS5
524,Lithuania,F5-8086,11/04/2019,VACCINATIONS5
540,Lithuania,F7-6823,17/06/2018,GENERAL SURGERIES5
526,Latvia,F8-4592,23/12/2018,VACCINATIONS5
543,Lithuania,F9-7294,24/02/2019,GENERAL SURGERIES14
520,Estonia,E9-1952,03/02/2019,GROOMING1
519,Estonia,F7-3734,02/12/2018,VACCINATIONS5
517,Estonia,F7-6031,31/05/2018,VACCINATIONS5
512,Lithuania,E2-7226,04/12/2018,VACCINATIONS5
516,Lithuania,E8-8745,31/01/2018,GENERAL SURGERIES3
511,Latvia,E9-9541,30/05/2018,VACCINATIONS5
514,Lithuania,F1-8420,22/10/2018,GROOMING3
509,Estonia,F8-9618,30/05/2019,VACCINATIONS5
494,Lithuania,E4-4188,03/08/2019,VACCINATIONS5
490,Latvia,E6-5708,15/04/2019,VACCINATIONS5
487,Estonia,E8-7338,22/06/2019,GENERAL SURGERIES19
493,Estonia,E9-8974,28/05/2019,OFFICE FEES2
488,Latvia,F0-1803,17/01/2019,VACCINATIONS5
486,Latvia,E2-1113,19/06/2018,GROOMING1
465,Estonia,E0-8798,15/11/2018,VACCINATIONS5
466,Estonia,E3-9315,07/08/2018,VACCINATIONS5
481,Lithuania,E9-7875,14/02/2018,GROOMING1
477,Estonia,F0-1841,23/09/2019,GENERAL SURGERIES14
483,Latvia,F3-9665,20/07/2019,GROOMING1
474,Lithuania,F9-6669,08/03/2018,VACCINATIONS5
461,Latvia,E4-2239,15/02/2018,GROOMING3
463,Latvia,E6-7676,11/04/2019,GROOMING1
458,Latvia,E3-8987,12/07/2018,GENERAL SURGERIES7
446,Estonia,E8-3864,14/03/2019,VACCINATIONS5
447,Estonia,F9-3672,28/08/2019,VACCINATIONS5
441,Estonia,E5-7443,31/01/2018,VACCINATIONS5
443,Latvia,F1-8792,01/06/2018,GROOMING1
440,Latvia,F9-9079,27/10/2018,VACCINATIONS5
429,Estonia,E7-3175,29/05/2019,VACCINATIONS5
424,Latvia,E3-6585,01/02/2019,VACCINATIONS5
426,Estonia,F0-7008,18/01/2019,GENERAL SURGERIES12
420,Lithuania,E1-4995,13/10/2018,VACCINATIONS5
417,Estonia,E3-6395,10/02/2019,GROOMING1
410,Latvia,E8-5660,04/08/2019,VACCINATIONS5
402,Latvia,E0-7663,05/04/2019,VACCINATIONS5
398,Latvia,F4-4884,23/10/2018,VACCINATIONS5
396,Latvia,F0-6016,15/06/2019,VACCINATIONS5
394,Lithuania,E0-8592,08/04/2019,GROOMING3
395,Latvia,E7-8730,08/05/2018,GROOMING1
392,Lithuania,E9-3314,18/09/2019,GENERAL SURGERIES13
391,Latvia,F6-9885,11/05/2019,VACCINATIONS5
378,Latvia,E3-4963,31/05/2019,VACCINATIONS5
379,Latvia,E8-3761,17/01/2018,VACCINATIONS5
385,Lithuania,F5-2497,28/01/2019,GROOMING3
373,Estonia,F6-3873,28/01/2018,GROOMING1
363,Lithuania,E1-6927,27/08/2019,VACCINATIONS5
361,Estonia,E2-2033,03/04/2019,VACCINATIONS5
362,Latvia,E2-7936,04/07/2019,VACCINATIONS5
356,Lithuania,F1-7752,19/05/2019,VACCINATIONS5
364,Estonia,F3-9115,06/09/2018,ORTHOPEDIC9
357,Lithuania,F9-9933,03/06/2019,VACCINATIONS5
350,Latvia,F6-6115,16/10/2018,VACCINATIONS5
349,Estonia,F9-6190,19/09/2019,VACCINATIONS5
345,Lithuania,F4-1704,08/01/2018,VACCINATIONS5
339,Latvia,E6-3533,22/11/2018,VACCINATIONS5
342,Estonia,E7-6384,09/08/2018,VACCINATIONS5
330,Lithuania,E0-8441,26/06/2018,VACCINATIONS5
331,Lithuania,E3-1497,05/06/2019,VACCINATIONS5
323,Lithuania,E2-4838,14/11/2018,GROOMING3
327,Latvia,E3-5361,29/06/2019,GROOMING1
304,Estonia,E3-7139,04/04/2018,VACCINATIONS5
316,Lithuania,E5-3942,28/01/2019,VACCINATIONS5
315,Lithuania,E5-4359,10/09/2019,VACCINATIONS5
311,Latvia,F0-2939,01/10/2019,VACCINATIONS5
303,Lithuania,F5-4982,22/05/2018,VACCINATIONS5
322,Lithuania,F7-7857,25/07/2018,ORTHOPEDIC1
310,Latvia,L4-6292,14/01/2019,VACCINATIONS5
309,Latvia,L8-0046,01/01/2019,VACCINATIONS5
249,Lithuania,E1-5806,02/03/2019,VACCINATIONS5
251,Estonia,E1-8520,18/03/2018,VACCINATIONS5
268,Lithuania,E1-8627,01/02/2019,VACCINATIONS5
267,Lithuania,E4-3255,22/03/2019,VACCINATIONS5
270,Estonia,E8-2284,20/08/2018,VACCINATIONS5
291,Lithuania,E8-2444,27/07/2018,GROOMING3
297,Latvia,E8-8843,07/08/2019,GROOMING1
274,Lithuania,E8-9939,10/06/2019,VACCINATIONS5
242,Latvia,E9-9945,13/05/2018,VACCINATIONS5
250,Lithuania,F0-3352,05/07/2019,VACCINATIONS5
288,Estonia,F0-3540,15/06/2019,VACCINATIONS1
238,Estonia,F1-2010,15/02/2019,ORTHOPEDIC5
263,Lithuania,F2-5739,26/05/2018,VACCINATIONS5
289,Latvia,F2-6557,14/07/2019,OFFICE FEES2
240,Latvia,F2-9033,22/09/2019,VACCINATIONS5
264,Latvia,F4-7761,20/11/2018,VACCINATIONS5
279,Latvia,F7-2469,23/07/2018,VACCINATIONS5
254,Latvia,F7-7253,06/09/2019,VACCINATIONS5
275,Latvia,F7-8626,03/06/2019,VACCINATIONS5
262,Lithuania,F9-5575,20/12/2018,VACCINATIONS5
245,Latvia,F9-8302,15/04/2018,VACCINATIONS5
261,Estonia,S1-2243,25/12/2018,VACCINATIONS5
227,Latvia,E1-5919,09/08/2019,GROOMING1
226,Lithuania,E3-5361,23/06/2018,OFFICE FEES1
233,Latvia,E3-7139,12/05/2019,GROOMING3
210,Lithuania,E4-6373,08/08/2018,VACCINATIONS5
228,Latvia,E5-4359,16/10/2018,GROOMING3
231,Latvia,E9-4456,12/03/2018,GROOMING3
201,Estonia,E9-7775,08/08/2018,VACCINATIONS5
194,Lithuania,F1-3022,16/06/2019,VACCINATIONS5
221,Estonia,F1-3836,09/04/2018,VACCINATIONS5
216,Latvia,F1-6576,11/06/2018,VACCINATIONS5
230,Estonia,F1-7260,04/03/2018,GROOMING3
196,Estonia,F3-2098,02/02/2018,VACCINATIONS5
232,Estonia,F3-3517,16/04/2019,GROOMING3
200,Lithuania,F3-4260,12/09/2018,VACCINATIONS5
206,Latvia,F4-7043,28/10/2018,VACCINATIONS5
214,Lithuania,F5-4982,29/10/2018,VACCINATIONS5
217,Lithuania,F7-7614,18/08/2019,VACCINATIONS5
169,Latvia,E0-5967,12/04/2019,VACCINATIONS5
171,Lithuania,E0-7827,15/12/2018,VACCINATIONS5
183,Estonia,E1-2237,30/10/2018,GROOMING3
166,Estonia,E1-7733,15/07/2019,VACCINATIONS5
167,Lithuania,E3-2802,25/02/2018,VACCINATIONS5
180,Latvia,E3-2967,04/11/2018,GENERAL SURGERIES15
187,Latvia,E5-4383,01/05/2019,GROOMING1
177,Estonia,E7-8773,19/02/2018,VACCINATIONS5
179,Estonia,E9-5340,22/06/2018,GENERAL SURGERIES6
165,Lithuania,F0-4365,29/01/2019,ORTHOPEDIC6
168,Lithuania,F1-1855,05/09/2019,VACCINATIONS5
151,Estonia,F2-6880,10/02/2018,VACCINATIONS5
143,Lithuania,F3-5155,14/07/2019,VACCINATIONS5
163,Lithuania,F5-1543,04/09/2018,GENERAL SURGERIES3
160,Lithuania,F5-3309,28/03/2018,GROOMING3
150,Latvia,F9-8230,12/08/2019,VACCINATIONS5
139,Latvia,E7-5113,19/07/2019,GENERAL SURGERIES3
133,Lithuania,F2-7061,06/04/2019,VACCINATIONS5
131,Estonia,F3-4759,22/04/2018,VACCINATIONS5
130,Latvia,F6-3162,18/07/2018,VACCINATIONS5
136,Lithuania,F6-4268,03/09/2018,VACCINATIONS5
123,Estonia,E1-9181,15/04/2019,GENERAL SURGERIES18
126,Latvia,E1-9503,13/05/2018,GENERAL SURGERIES19
127,Lithuania,E4-8705,14/04/2018,OFFICE FEES2
122,Lithuania,E9-2544,20/03/2019,HOSPITALIZATION1
115,Latvia,E9-8282,24/09/2019,VACCINATIONS5
124,Estonia,F9-3687,05/03/2018,GROOMING2
118,Estonia,F9-8266,08/04/2019,VACCINATIONS5
125,Lithuania,P9-3625,24/01/2019,ORTHOPEDIC7
111,Lithuania,G6-6501,07/08/2019,VACCINATIONS5
110,Lithuania,E2-1630,06/05/2018,GROOMING1
105,Lithuania,F3-9541,25/07/2019,VACCINATIONS5
106,Lithuania,F8-4572,12/08/2019,VACCINATIONS5
98,Latvia,E2-5546,28/05/2018,VACCINATIONS5
102,Estonia,E7-8695,02/09/2019,GENERAL SURGERIES1
94,Latvia,F1-9184,05/11/2018,VACCINATIONS5
96,Latvia,F2-4402,02/01/2018,VACCINATIONS5
103,Lithuania,F4-6400,04/03/2019,ORTHOPEDIC5
100,Lithuania,F9-1466,03/09/2018,VACCINATIONS5
87,Lithuania,E4-7320,28/04/2019,GROOMING1
84,Latvia,E6-6214,24/05/2019,VACCINATIONS5
82,Lithuania,F6-1914,11/09/2018,VACCINATIONS5
77,Estonia,E2-6946,06/12/2018,VACCINATIONS5
76,Estonia,F2-8019,09/05/2018,GROOMING1
74,Estonia,F9-1493,17/09/2019,VACCINATIONS5
69,Estonia,F3-9496,27/11/2018,VACCINATIONS5
71,Latvia,F5-1385,09/02/2019,GROOMING1
66,Lithuania,F8-3495,11/04/2019,VACCINATIONS5
67,Estonia,F9-3299,06/07/2019,VACCINATIONS5
62,Latvia,T0-3277,09/05/2018,VACCINATIONS5
60,Estonia,F9-2733,20/11/2018,GROOMING1
58,Latvia,E5-2832,27/06/2019,ORTHOPEDIC5
31,Latvia,E0-6211,30/08/2019,VACCINATIONS5
48,Latvia,E2-7605,10/02/2019,GROOMING3
26,Lithuania,E7-3627,17/09/2019,ORTHOPEDIC2
32,Lithuania,F3-2539,21/11/2018,VACCINATIONS5
33,Estonia,F3-8555,08/01/2019,VACCINATIONS5
28,Latvia,F5-7375,24/09/2018,VACCINATIONS5
30,Lithuania,F6-8478,13/06/2018,VACCINATIONS5
29,Estonia,F6-8666,27/12/2018,VACCINATIONS5
20,Latvia,E6-4462,24/05/2018,GENERAL SURGERIES14
13,Lithuania,E8-8379,26/11/2018,VACCINATIONS5
21,Latvia,E9-6803,05/06/2019,GROOMING3
16,Lithuania,F0-5332,13/03/2018,VACCINATIONS5
11,Lithuania,E0-7735,05/12/2018,GENERAL SURGERIES3
6,Estonia,E2-6642,24/07/2018,VACCINATIONS5
9,Estonia,F3-9375,20/12/2018,VACCINATIONS5
5,Lithuania,F6-3398,18/07/2018,HOSPITALIZATION1
10,Lithuania,F9-5311,11/01/2018,GENERAL SURGERIES6
8,Latvia,F9-9345,18/02/2018,VACCINATIONS5
2,Estonia,E7-3766,19/06/2018,VACCINATIONS5
