PetID,Name,Kind,Sex,Age,OwnerID
J6-8562,Blackie,Cat,male,11,5168
Q0-2001,Roomba,Dog,male,9,5508
M0-2904,Simba,Dog,male,1,3086
R3-7551,Keller,Bird,female,2,7908
P2-7342,Cuddles,Cat,male,13,4378
X0-8765,Vuitton,Bird,female,11,7581
Z4-5652,Priya,Dog,female,7,7343
Z4-4045,Simba,Dog,male,0,2700
M8-7852,Cookie,Dog,female,8,7606
J2-3320,Heisenberg,Cat,male,3,1319
T2-2142,Stowe,Dog,female,15,1132
U4-9376,Scout,Cat,female,2,7846
H8-1429,Lily,Cat,female,3,7846
X8-9212,Danger,Cat,male,5,3661
G4-8096,Danger,Cat,male,9,9037
S4-9578,Scooter,Cat,male,9,9850
H8-8856,Bandit,Bird,male,11,6102
F6-5391,Cookie,Dog,female,9,5508
J0-7893,Crockett,Cat,male,12,1334
Q0-3593,Oakley,Bird,female,4,4989
O8-2501,Bandit,Bird,male,5,1899
T0-5705,Biscuit,Cat,female,5,5833
Q5-5872,Taz,Cat,male,12,2103
Z6-3226,Simba,Dog,male,11,4793
U4-5113,Tiger,Dog,male,12,7772
X8-8611,Schwarzkopf,Cat,male,4,6731
P0-1725,Lily,Cat,female,0,2419
N6-7350,Biscuit,Cat,female,8,3518
Q2-3642,Thatcher,Bird,female,8,8143
G0-7675,Taz,Cat,male,4,8133
U2-4205,Cuddles,Cat,male,5,3615
L0-6660,Cookie,Cat,male,9,5806
S4-0789,Biscuit,Cat,female,10,7101
N7-6805,Enyo,Dog,female,12,1202
J1-6366,Bruce,Cat,male,3,8316
Q9-1565,Scout,Cat,female,14,1766
L8-9022,Bright,Cat,male,7,7085
P9-6519,Cookie,Dog,female,6,1653
G0-8531,Sojourner,Dog,female,0,8830
O5-2472,Bright,Cat,male,12,4185
X7-2632,Maripol,Bird,female,7,9614
O3-1895,Candy,Cat,female,3,8133
N8-0553,Tiger,Cat,male,15,7393
S4-4013,Pip,Cat,male,3,7484
Q4-9479,Candy,Cat,female,9,4408
V2-4634,Goethe,Cat,male,12,2063
L4-9973,Houdini,Cat,male,5,2967
O1-7229,Dexter,Bird,male,10,7484
V4-6172,Sarosh,Dog,female,9,7359
L4-6292,Bright,Cat,male,13,3089
R7-4835,Cookie,Cat,male,12,5215
U0-5987,Ebenezer,Dog,male,0,5508
L4-2594,Newcastle,Dog,male,6,6405
T8-1754,Daisy,Cat,female,13,9850
U4-6674,Biscuit,Cat,female,1,3663
W7-6372,Daisy,Cat,female,8,3644
L4-4030,Bruce,Cat,male,1,5502
J8-7429,Bonaparte,Cat,male,4,8215
I7-9550,Angel,Cat,female,12,3089
O8-0027,Scooter,Cat,male,7,5737
W8-5750,Simba,Dog,male,15,6102
F2-3235,Danger,Cat,male,8,1306
I6-9459,Biscuit,Cat,female,4,6049
O6-3123,Biscuit,Cat,female,2,6194
M2-1131,Rumba,Dog,male,8,1915
R4-6131,Biscuit,Cat,female,5,2863
I2-7926,Dior,Bird,female,4,9900
Q8-8753,Danger,Cat,male,7,6157
W9-8307,Lexie,Cat,female,1,5207
S1-2243,Cuddles,Cat,male,2,5447
M4-9675,Jeep,Dog,male,6,6923
Q0-8904,Bright,Cat,male,1,4110
T0-3277,Humbert,Dog,male,12,8133
V5-2342,Jake,Cat,male,8,9039
P9-3625,Cuddles,Cat,male,14,7579
H2-8586,Antigone,Dog,female,8,7663
P7-2443,Rumba,Dog,male,10,7219
G6-6501,Jake,Dog,male,2,3089
K4-5012,Natacha,Bird,female,11,2755
J2-4382,Dexter,Bird,male,4,7261
G9-0817,Kashi,Dog,male,5,2722
K0-8177,Bruce,Cat,male,12,2809
U2-7207,Daisy,Cat,female,6,7023
S4-2254,Draper,Dog,male,3,8619
P1-2578,Tiger,Dog,male,14,3034
V7-6771,Daisy,Cat,female,4,3245
Q8-3145,Peanut,Cat,female,13,5796
L4-4205,Rumba,Dog,male,5,1312
S4-1063,Bruce,Cat,male,0,3691
L2-1834,Collette,Cat,female,4,1306
L8-0046,Rumba,Dog,male,7,9828
U6-4890,Blackie,Cat,male,6,1546
X6-4876,Brandy,Dog,female,3,6406
F1-1855,Bandit,Bird,male,2,9604
Z8-4419,Scooter,Cat,male,3,4464
U8-6473,Biscuit,Cat,female,3,1070
I5-4893,Cookie,Dog,female,3,7340
Q8-0954,Lakshmi,Dog,female,7,9385
N0-9539,Swiffer,Dog,male,14,9365
S5-5938,Taz,Cat,male,6,9427
A8-1181,Talon,Dog,female,3,9523
E7-3766,William,Cat,female,10,3600
B8-8740,Karma,Cat,male,6,5624
D4-9443,Dante,Dog,female,3,2630
F6-3398,Kinley,Dog,female,8,1644
E2-6642,Cynthia,Dog,male,8,2000
A4-1165,Fisher,Cat,female,15,2257
F9-9345,Brooks,Cat,female,12,7650
F3-9375,Gemma,Dog,male,20,9126
F9-5311,Yurem,Dog,male,17,7023
E0-7735,Giovanni,Dog,female,22,6958
D2-8905,Tiara,Dog,female,5,1871
E8-8379,Katelynn,Dog,female,13,9442
C7-1080,Ayden,Cat,female,14,7854
A0-3535,Lila,Dog,female,2,1903
F0-5332,Kobe,Dog,female,18,3282
D7-2363,Kylee,Dog,female,15,9532
D2-8747,Emmett,Cat,female,10,9468
A1-3776,Jane,Cat,female,4,6063
E6-4462,Riya,Cat,female,19,5150
E9-6803,Jonah,Dog,female,17,2434
C4-2411,Jaydan,Dog,female,9,1208
C6-1472,Johnathon,Cat,male,4,7177
B3-1131,Frank,Dog,female,3,2651
D2-6081,Alisa,Dog,female,3,2700
E7-3627,Norah,Cat,male,7,3245
C1-8723,Jadiel,Dog,male,2,1964
F5-7375,Steven,Dog,male,22,4318
F6-8666,Carina,Dog,female,18,2356
F6-8478,Maryjane,Cat,female,9,1964
E0-6211,Quentin,Cat,male,1,9978
F3-2539,Gisselle,Cat,female,18,7448
F3-8555,Sidney,Cat,female,4,8553
A4-4159,Rylan,Dog,male,21,6038
A3-3339,Jazlene,Dog,female,18,3965
D8-6677,Leon,Cat,female,1,5528
A2-4947,Theresa,Dog,female,11,4139
B9-6218,Bentley,Dog,female,4,9207
D6-2236,Landin,Cat,male,15,9745
D4-4625,Krystal,Bird,male,10,2243
B2-9810,Bruno,Dog,male,8,1113
C1-9941,Geovanni,Cat,female,6,9900
B3-8928,Amber,Dog,male,2,9055
D0-1215,Kevin,Cat,male,5,9261
D0-6732,Cameron,Cat,female,15,9815
B1-3264,Blaze,Dog,female,15,8791
B0-4748,Camryn,Cat,female,5,1957
E2-7605,Samuel,Cat,female,10,3876
C0-7481,Rodney,Bird,male,20,1344
B1-9230,Luka,Dog,female,21,7825
D9-8608,Alexa,Cat,male,12,7606
D7-1251,Jerimiah,Dog,female,14,9556
A6-8584,Ivan,Dog,female,22,9006
B0-6294,Andrea,Bird,male,2,8413
A8-9910,Anabelle,Dog,male,8,5383
D3-5820,Harper,Cat,male,13,2382
A7-2884,Abram,Cat,male,19,2257
E5-2832,Brett,Cat,male,22,1067
D6-9256,Annabella,Cat,male,14,1899
F9-2733,Humberto,Dog,female,12,6262
D8-2576,Jay,Cat,male,13,9978
A4-8539,Sage,Cat,male,6,9474
A1-9741,Dixie,Bird,female,1,3224
C1-1858,Payton,Dog,male,2,8513
F8-3495,Aliyah,Cat,male,14,9824
F9-3299,Veronica,Cat,male,1,7421
A5-2650,Leah,Cat,male,3,4595
F3-9496,Neveah,Dog,male,8,5478
B2-6133,Savion,Cat,male,7,3993
F5-1385,Araceli,Cat,female,8,4506
A0-1450,Callie,Dog,female,11,2215
B1-4859,Elise,Bird,female,22,5308
F9-1493,Spencer,Cat,male,1,2768
D6-9926,Jennifer,Cat,male,6,4901
F2-8019,Austin,Cat,male,19,1999
E2-6946,Chanel,Dog,male,1,1865
C9-5042,Ezra,Cat,male,22,8965
B9-1264,Walter,Cat,female,20,8493
A3-5972,Denise,Dog,female,19,4341
C2-9911,Noe,Dog,male,14,5091
F6-1914,Chaim,Cat,male,8,2954
C4-2260,Terrance,Cat,female,16,4500
E6-6214,Kaya,Bird,male,9,2401
A2-9373,Kamari,Dog,male,16,1059
D4-9277,Finnegan,Cat,male,10,6958
E4-7320,Vance,Dog,female,10,6388
B1-2049,Alexzander,Dog,male,19,3034
C6-4302,Jamison,Dog,female,12,1211
A3-8070,Savanna,Cat,female,5,8927
A8-5040,Hallie,Dog,female,15,2930
D7-6389,Kaeden,Dog,male,3,2888
C7-7440,Junior,Dog,male,1,8493
F1-9184,Litzy,Dog,male,10,7772
A4-7721,Larry,Dog,male,10,4740
F2-4402,Mike,Bird,female,5,9763
D6-4471,Dakota,Dog,male,12,6533
E2-5546,Paloma,Bird,male,6,3841
D5-6806,Madeline,Dog,male,5,9396
F9-1466,Heaven,Dog,male,1,7816
E0-2041,Todd,Dog,male,13,3900
E7-8695,Patience,Cat,male,2,2504
F4-6400,Elisa,Dog,male,1,9256
C9-8071,Jason,Dog,male,18,9468
F3-9541,Esteban,Bird,male,13,7343
F8-4572,Dillan,Cat,male,15,4659
C1-5134,Emmanuel,Cat,male,8,4603
A9-7671,Aaliyah,Dog,male,5,4657
A5-7559,Ashlyn,Dog,female,21,8884
E2-1630,London,Dog,male,2,6235
B4-6502,Genevieve,Dog,male,3,2215
C0-7460,Nicholas,Cat,male,16,6590
C2-7928,Rowan,Cat,female,15,4661
E9-8282,Reyna,Dog,male,17,1067
A4-2907,Brent,Bird,male,6,4526
C1-3686,Tommy,Dog,female,16,5679
F9-8266,Quinn,Dog,male,15,3153
D6-3379,Lawrence,Cat,female,11,7423
A9-3405,Billy,Bird,female,8,9959
B9-8353,Jasmine,Dog,male,11,8448
E9-2544,Adriana,Cat,male,20,9042
E1-9181,Malcolm,Dog,female,2,5664
F9-3687,Kaelyn,Dog,male,11,2899
E1-9503,Valerie,Cat,male,19,1352
E4-8705,Allisson,Bird,male,11,2023
A3-4617,Rhianna,Cat,male,16,8887
B8-6241,Leticia,Dog,female,5,8231
F6-3162,Madyson,Cat,male,11,7347
F3-4759,Dawson,Cat,male,19,3900
B4-7920,Hayden,Dog,male,17,5337
F2-7061,Tony,Dog,female,11,5884
B7-5851,Cortez,Dog,male,4,5480
C0-6664,Zaid,Dog,male,1,6649
F6-4268,Wesley,Dog,female,16,9658
B2-2017,Lailah,Dog,male,6,4536
B8-2517,Mylee,Dog,male,11,5528
E7-5113,Jessie,Dog,female,14,9935
B4-6485,Sonia,Dog,male,5,8457
D8-7114,Emiliano,Dog,male,15,5444
A2-5739,Terrell,Cat,female,16,6599
F3-5155,Henry,Dog,male,16,1935
D8-6514,Maeve,Dog,male,4,6600
D4-6512,Jefferson,Dog,female,8,4725
B2-4806,Kendall,Dog,female,19,7505
C9-1148,Ray,Dog,female,16,4666
B5-4935,Serena,Dog,female,1,5637
C7-7326,Alana,Dog,male,21,1495
F9-8230,Rudy,Cat,male,1,7650
F2-6880,Ben,Cat,male,17,9627
C2-3512,Jean,Dog,female,2,9468
D7-7044,Luke,Dog,male,10,2495
D8-5384,Julia,Cat,female,1,2356
A5-2808,Raegan,Dog,male,17,4314
B0-5839,Gilberto,Dog,female,21,6038
C2-9908,Riley,Dog,male,15,7407
B1-8628,Andrew,Cat,female,15,9298
C6-4979,Kendra,Dog,female,11,2964
F5-3309,Janiya,Cat,male,17,5772
A4-3651,Frankie,Dog,male,18,1543
D3-7384,Hudson,Cat,male,21,5150
F5-1543,Gilbert,Dog,male,13,2101
C1-9890,Emma,Dog,female,5,6754
F0-4365,Kadin,Bird,male,10,5165
E1-7733,Akira,Dog,female,12,5502
E3-2802,Kayleigh,Dog,female,5,6353
E0-5967,Ernest,Cat,male,9,8622
D4-8234,Soren,Dog,male,1,3659
E0-7827,Zachary,Dog,female,15,4577
C6-3257,Jacqueline,Cat,male,17,1479
B6-1552,Bridget,Dog,male,18,3990
D8-6012,Kailee,Cat,female,7,6033
D4-9241,Giovani,Cat,female,17,3643
C8-6128,Muhammad,Cat,female,2,4929
E7-8773,Mitchell,Dog,female,5,8296
A8-8130,Frances,Cat,male,6,5447
E9-5340,Kelton,Dog,male,6,8513
E3-2967,Jadyn,Dog,male,6,6938
D9-7894,Madilyn,Dog,female,12,5847
A4-3081,Carlos,Dog,female,9,6502
E1-2237,Lillie,Dog,female,6,6938
B3-5354,Azaria,Dog,male,4,4526
C0-3201,Memphis,Dog,male,5,7901
B3-1819,Emmalee,Cat,female,19,7423
E5-4383,Rohan,Bird,female,2,9544
B5-2410,Tucker,Dog,male,7,3556
C5-7835,Liberty,Bird,female,22,7407
B9-1595,Amira,Dog,female,18,1097
A0-7808,Keira,Dog,female,11,9868
B5-6904,Dalia,Dog,female,8,8725
D5-6820,Rose,Dog,male,4,4256
F1-3022,Kennedy,Dog,female,13,4105
A0-8561,Dorian,Dog,male,13,9946
F3-2098,Marie,Dog,male,12,8513
C9-8216,Keshawn,Cat,male,13,7901
E0-1548,Karly,Dog,female,12,3473
A3-6462,Reuben,Cat,male,6,7708
F3-4260,Ryland,Cat,male,1,3967
E9-7775,Kason,Dog,female,15,1342
A0-1401,Hayden,Dog,male,7,3965
C1-5203,Wyatt,Dog,male,7,3423
B1-6150,Brendon,Dog,male,2,8852
B7-8246,Madalyn,Dog,female,14,7825
F4-7043,Jillian,Dog,male,15,3804
D7-4201,Lindsay,Dog,female,12,5798
C5-5165,Adalyn,Cat,male,15,9959
A7-7991,Trevor,Cat,male,12,8435
E4-6373,Vicente,Cat,male,13,9141
A1-9112,Brianna,Dog,female,4,6671
A9-8945,Oliver,Dog,male,6,6406
B1-2523,Janessa,Dog,female,21,9319
D0-5056,Jimmy,Bird,male,16,9529
F1-6576,Maren,Dog,female,4,2464
F7-7614,Dominique,Dog,female,12,6561
A7-3727,Cannon,Dog,female,9,3816
A1-1194,Lance,Bird,male,17,7023
A2-7760,Marvin,Dog,female,6,9571
F1-3836,Marcus,Dog,male,14,7794
D1-8781,Alfredo,Dog,female,2,8869
D9-8287,Celia,Cat,male,7,9529
A9-9449,Glenn,Cat,female,2,5912
B5-2832,Bella,Dog,female,10,3393
E3-5361,Duncan,Dog,female,13,4185
E1-5919,Timothy,Cat,female,6,4781
E5-4359,Karina,Dog,female,3,9319
A7-3673,Zachery,Cat,male,18,9256
F1-7260,Gary,Cat,female,9,5499
E9-4456,Vanessa,Dog,male,20,9815
F3-3517,Cali,Dog,male,10,9858
E3-7139,Kamron,Cat,female,12,6253
A6-9716,Lyric,Dog,female,12,4397
B2-8637,Simeon,Dog,female,18,9619
C4-5068,Zariah,Cat,female,12,3967
B2-1752,Gillian,Dog,male,21,6720
F1-2010,Margaret,Cat,female,7,9994
D2-5135,Zaria,Dog,female,13,8725
F2-9033,Kian,Cat,female,12,7710
B1-2648,Mckinley,Dog,female,10,2103
E9-9945,Lilia,Dog,female,4,3990
D1-7489,Paulina,Dog,male,20,7795
C9-7278,Kash,Cat,female,4,7825
F9-8302,Darwin,Cat,male,1,8875
B1-1334,Gaige,Cat,male,17,9442
B8-6504,Louis,Dog,male,3,7380
C7-2237,Jayleen,Cat,male,22,6837
E1-5806,Ashlynn,Cat,female,5,2625
F0-3352,Ahmad,Bird,male,19,4213
E1-8520,Nikolai,Dog,female,12,8234
A7-4137,Joy,Dog,female,19,9318
C9-4217,Lyric,Cat,female,20,3862
F7-7253,Steve,Cat,male,8,1922
D3-2476,Lorena,Dog,female,18,4506
B8-8081,Wendy,Dog,male,7,4393
A3-5037,Cayden,Dog,female,15,4069
A2-2526,Renee,Dog,female,18,7077
D4-9966,Chelsea,Bird,male,16,9722
D5-4332,Deacon,Dog,male,20,5165
F9-5575,Reed,Dog,male,10,2299
F2-5739,Fernanda,Bird,male,8,1989
F4-7761,Charlotte,Cat,male,20,6649
A4-9650,Beckham,Cat,male,13,4598
D0-2164,Slade,Dog,male,2,7915
E4-3255,Shaylee,Cat,female,2,9317
E1-8627,Rory,Cat,female,21,8435
D3-2205,Camille,Cat,male,18,1278
E8-2284,Allie,Cat,male,8,9294
A5-3937,Marquis,Dog,female,1,9640
C2-5584,Violet,Dog,female,14,4495
A2-7264,Andres,Dog,male,10,7871
E8-9939,Dallas,Bird,male,13,5262
F7-8626,Kael,Dog,female,6,9807
B4-9091,Daniela,Cat,male,18,6665
B1-2893,Natalia,Bird,male,11,4595
A5-2515,Ayaan,Bird,female,16,3546
F7-2469,Tamia,Cat,female,16,6923
D6-7805,Aryan,Dog,male,2,8262
B0-6704,Diego,Dog,male,16,5308
B6-7361,Erika,Dog,male,12,3324
E0-2574,Samson,Cat,female,4,7915
B7-5312,Alina,Cat,male,12,6029
B5-5447,Ty,Cat,female,13,6760
D2-3078,Alexander,Cat,male,6,1351
C9-7706,Gage,Dog,female,14,7448
F0-3540,Colin,Dog,male,1,5791
F2-6557,Julissa,Cat,male,22,5520
C3-7498,Michelle,Dog,male,13,9994
E8-2444,Josiah,Dog,male,17,1170
B2-8208,Malik,Bird,female,22,5688
A0-3807,Jesus,Cat,male,22,2257
B5-4607,Sterling,Cat,male,8,2353
C0-4733,Carleigh,Cat,male,4,2310
B6-1117,Kai,Cat,female,13,4069
E8-8843,Gavin,Bird,male,16,6639
D9-5725,Joel,Dog,female,18,2625
D2-4100,Adelaide,Cat,female,11,6395
B4-3006,Korbin,Dog,male,13,3063
C4-7151,Amina,Dog,female,3,7127
B9-2793,Jonas,Dog,male,10,4545
F5-4982,Aliza,Bird,male,21,2807
C8-7144,Danica,Dog,male,1,9866
C2-1689,Cody,Dog,female,16,4782
F0-2939,Kareem,Dog,female,17,7356
A0-5525,Kayla,Dog,female,7,5791
D9-6225,Rigoberto,Cat,female,19,3816
D8-6334,Tyshawn,Dog,female,22,6933
E5-3942,Valeria,Cat,male,5,8368
C5-4916,Mauricio,Cat,female,15,9037
D2-7195,Avah,Bird,male,15,4960
D4-1708,Malachi,Cat,female,2,4740
C2-2838,Mila,Dog,male,21,4393
F7-7857,Izaiah,Cat,male,9,7423
E2-4838,Kristin,Dog,male,13,8354
A8-8590,Jaelynn,Dog,male,18,4536
B4-6876,Giselle,Dog,female,14,3483
D0-9649,Stella,Bird,male,9,8095
B2-9275,Finley,Cat,male,20,7095
B2-7885,Belen,Cat,male,14,7356
E0-8441,Johan,Dog,male,11,2019
E3-1497,Jayden,Cat,female,9,4545
A5-8260,Sadie,Bird,female,6,1745
A4-2248,Sydnee,Cat,male,8,8617
C1-4682,Levi,Dog,male,2,8296
A7-9987,Jase,Dog,female,15,9028
C1-4714,Gabriela,Dog,female,5,2775
D3-5018,April,Dog,female,18,8716
C4-8926,Justus,Bird,male,11,4995
E6-3533,Hana,Dog,female,7,7665
A7-3911,Natasha,Cat,female,17,3733
A9-9428,Krista,Bird,female,19,3615
E7-6384,Stephany,Cat,female,21,3353
B6-8892,Reid,Dog,male,11,8457
A9-4641,Davian,Cat,male,19,9356
F4-1704,Edwin,Cat,female,17,9444
C2-1337,Easton,Dog,female,8,7392
D3-7426,Alexus,Dog,male,2,6599
D8-1800,Leanna,Dog,female,4,7002
F9-6190,Sawyer,Dog,female,8,4942
F6-6115,Carsen,Bird,female,2,5484
A2-4671,Seth,Cat,female,4,6869
D1-9261,Rachael,Cat,male,18,9544
E0-2753,Kristen,Cat,male,21,8231
C2-6368,Cristofer,Cat,female,21,5610
A3-2798,Yamilet,Cat,male,22,4545
F1-7752,Kamden,Dog,male,11,6868
F9-9933,Laylah,Cat,male,15,5215
D4-5028,Ayanna,Cat,male,21,1229
D2-2020,Luciano,Cat,female,20,6649
B9-3752,Marquise,Cat,female,3,3643
E2-2033,Zane,Dog,male,19,7710
E2-7936,Luca,Dog,male,6,6308
E1-6927,Ryann,Bird,female,21,3259
F3-9115,Dennis,Cat,female,17,5595
A3-1183,Ayla,Dog,female,12,3282
A0-4733,Isaiah,Dog,male,19,6860
B3-1168,Alexandra,Dog,male,20,9012
C2-3535,Emery,Dog,female,21,5910
B8-4259,Ariel,Dog,male,7,2821
C6-8243,Jamir,Dog,male,11,7811
A3-5322,Reese,Cat,female,1,5550
A7-3019,Aisha,Cat,female,3,3393
F6-3873,Francisco,Bird,male,14,8259
B7-3540,Calvin,Dog,female,17,6868
D4-3750,Hope,Dog,female,20,4267
D6-9533,Mckenna,Dog,male,15,7555
A7-7555,Jaylan,Cat,female,6,9619
E3-4963,Jasmin,Cat,male,1,7579
E8-3761,Kailey,Dog,male,5,4190
D6-2684,Peter,Dog,female,15,5733
C3-9183,Sloane,Dog,male,16,3967
C4-8815,Lia,Dog,male,6,4852
B0-5802,Lara,Dog,female,1,6591
A7-3506,Kasey,Cat,male,10,5026
F5-2497,Melanie,Dog,female,14,9868
C7-7153,Logan,Cat,female,1,2270
D1-7498,Marlee,Cat,male,10,8793
D1-9074,Lizeth,Cat,male,13,1619
D3-7223,Jaime,Cat,female,21,8376
D4-8554,Dahlia,Bird,female,13,6543
F6-9885,Rayan,Cat,male,10,2272
E9-3314,Jeffery,Cat,male,2,4661
C3-2459,Piper,Dog,female,1,5515
E0-8592,Jonathan,Dog,male,7,6938
E7-8730,Maddox,Cat,female,10,7606
F0-6016,Declan,Cat,male,13,9359
C6-3197,Talia,Bird,female,20,3171
F4-4884,Jovan,Dog,male,7,5061
A4-9436,Kiera,Cat,male,19,4177
A4-7393,Jorden,Dog,male,13,5637
D3-4358,Kaylynn,Cat,male,9,5207
E0-7663,Teresa,Bird,female,11,2023
B2-1670,Diana,Dog,female,22,2687
A5-3457,Hugh,Dog,male,17,1793
A6-1028,Bridger,Dog,male,13,7448
A2-3366,Dylan,Dog,female,20,7497
C5-7376,Alejandro,Dog,female,18,6102
D0-4907,Selina,Bird,male,15,9815
D1-6212,Rylee,Dog,female,12,4625
E8-5660,Tristin,Dog,male,18,5484
D5-8435,Britney,Dog,male,9,9111
B5-1820,Amir,Cat,female,13,4231
A4-5279,Angel,Cat,female,7,1534
B1-1998,Bradyn,Dog,female,8,7606
C1-9947,Will,Dog,female,11,7376
C2-3480,Elle,Dog,female,13,7290
E3-6395,Khalil,Bird,male,7,6045
A0-1431,Sydney,Dog,female,4,3404
C4-5242,Liliana,Cat,female,18,2033
E1-4995,Cristopher,Dog,female,19,7794
C0-7684,Walker,Dog,male,6,5910
D1-9223,Kara,Cat,male,8,4661
D2-8546,Coleman,Dog,male,6,2580
E3-6585,Mekhi,Dog,male,6,5547
B3-8004,Layne,Dog,female,21,6910
F0-7008,Marin,Cat,female,11,5013
B7-9290,Caitlin,Cat,female,13,1222
C1-9770,Isabell,Dog,male,11,3804
E7-3175,Howard,Bird,female,6,4934
B7-6111,Skyler,Dog,female,17,2262
A9-9647,Kadence,Dog,male,8,4185
D0-5839,Tripp,Dog,male,15,9584
B7-4694,Vaughn,Cat,female,14,8332
C9-7696,Isis,Dog,female,16,6754
C4-3648,Lindsey,Cat,female,3,4142
A4-6889,Arely,Dog,female,17,2989
B2-8893,Laurel,Cat,male,13,2700
C1-5026,Everett,Cat,female,9,5912
D5-1836,Savanah,Cat,female,4,7023
F9-9079,Cassie,Cat,female,16,9619
E5-7443,Maximus,Bird,male,3,8261
D6-9607,Amelie,Cat,female,8,9885
F1-8792,Kirsten,Cat,female,16,7594
D6-2044,Zavier,Bird,female,14,2101
C6-7943,Danielle,Dog,female,15,3497
E8-3864,Yadiel,Dog,male,22,5525
F9-3672,James,Dog,male,13,7077
A2-1285,Maria,Dog,female,10,9824
A2-4123,Jensen,Dog,female,13,1070
D0-5238,Lucas,Cat,female,12,3753
B8-9914,Lamont,Cat,male,5,3659
C6-7109,Elliott,Dog,female,1,3767
B9-5137,Finn,Cat,female,8,1560
B2-9592,Ismael,Cat,female,6,2767
A2-9349,Haiden,Dog,female,14,9442
B1-3078,Alani,Dog,male,1,4602
D5-9432,Kassidy,Dog,male,14,4579
E3-8987,Mckayla,Cat,female,13,9261
C1-5255,Karlie,Dog,male,11,9722
C9-8635,Magdalena,Dog,female,11,3324
E4-2239,Tristan,Dog,female,16,4348
A7-9530,Ansley,Dog,female,21,8877
E6-7676,Camden,Dog,female,5,5550
A9-7776,Sarahi,Dog,male,19,2043
E0-8798,Daisy,Dog,male,19,3556
E3-9315,Jada,Bird,male,10,3865
B3-2375,Alaina,Dog,female,1,8619
A6-4499,Donovan,Cat,female,14,2206
C7-6206,Kaitlynn,Cat,female,9,5791
C7-9572,Aileen,Dog,male,20,8439
A2-8934,Sean,Cat,female,20,7743
D6-5047,Alisson,Cat,male,5,4667
B3-5840,Damion,Dog,male,21,3518
F9-6669,Jayden,Dog,male,4,1915
B1-6048,Jayvion,Cat,male,1,1623
B4-2626,Jorge,Cat,female,7,4397
F0-1841,Daphne,Cat,female,9,4781
D1-6080,Mariah,Dog,male,22,2930
B0-2336,Jazmin,Dog,female,11,1161
A7-3368,Jaliyah,Cat,male,2,7421
E9-7875,Drake,Cat,female,8,3101
B8-1051,Kaiden,Dog,female,10,6252
F3-9665,Emerson,Cat,female,10,7347
D8-3259,Saniyah,Dog,female,12,6941
D1-8748,Brian,Cat,female,18,3101
E2-1113,Jake,Cat,female,14,1170
E8-7338,Draven,Dog,male,5,1146
F0-1803,Sullivan,Dog,female,18,4628
A4-5058,Jayvon,Dog,female,1,3993
E6-5708,Kaden,Cat,male,1,7901
A9-7145,Shaun,Cat,female,17,6324
A2-7664,Cassidy,Dog,female,7,6063
E9-8974,Meredith,Dog,female,19,8054
E4-4188,Helena,Dog,male,16,5550
B4-7162,Abraham,Cat,female,22,6377
A4-1709,Eleanor,Dog,male,21,7729
A5-1898,Livia,Dog,female,10,7708
B4-2952,Athena,Dog,male,3,9555
C0-4090,Jaiden,Dog,male,19,3763
D8-6722,Hezekiah,Dog,male,13,1211
D7-4919,Ricardo,Dog,male,10,1202
E0-3260,Alannah,Cat,female,15,1534
A4-9499,Amirah,Dog,female,16,6754
C7-6854,Lincoln,Dog,male,18,5772
B6-7104,Jadon,Dog,female,11,1397
B1-2533,Eli,Bird,male,12,8589
C6-3389,Hailey,Bird,female,22,7177
A6-1691,Patrick,Cat,male,17,2801
F8-9618,Scarlet,Bird,male,15,4782
C7-5415,Curtis,Bird,female,16,9318
E9-9541,Sanai,Bird,male,15,7936
E2-7226,Chasity,Cat,male,10,7001
C2-9073,Hadley,Cat,male,22,8955
F1-8420,Joaquin,Bird,female,22,4934
D0-2638,Lennon,Bird,male,11,1230
E8-8745,Myla,Dog,male,6,5453
F7-6031,Mckenzie,Bird,female,15,2970
C3-4567,Rodolfo,Dog,female,14,8404
F7-3734,Asa,Cat,male,15,9483
E9-1952,Enrique,Cat,male,1,3757
A3-9779,Hayley,Dog,female,21,3703
B2-8885,Brendan,Cat,male,20,2023
E6-8656,Celeste,Cat,male,8,7772
F5-8086,Heidi,Cat,female,2,9076
A8-3007,Josephine,Dog,male,19,3655
F8-4592,Laci,Dog,male,8,8133
C4-3911,Rocco,Cat,female,9,5733
C9-2990,Trent,Dog,female,5,1208
C8-6467,Moises,Cat,female,19,3393
A4-4835,Zain,Dog,female,9,4579
E1-3828,Paisley,Dog,female,7,9173
B2-2557,Teagan,Cat,male,16,3482
F2-9685,Deanna,Dog,male,3,1067
D1-6758,Tyler,Cat,female,19,6654
B7-4192,Iris,Dog,male,8,2473
F4-8195,Gregory,Dog,female,14,4393
E6-3149,Clara,Cat,female,16,5508
E8-2043,Yahir,Dog,female,16,7069
B2-6359,Bronson,Cat,male,6,6816
F7-6823,Lamar,Dog,male,18,6639
C0-8794,Erik,Dog,female,20,3005
B4-9640,Tania,Dog,male,21,7359
F9-7294,Ari,Cat,male,9,5013
E3-5616,Cadence,Dog,male,13,8361
C2-3302,Kaydence,Dog,female,6,2883
A1-5963,Clinton,Bird,male,11,9049
E0-5516,German,Cat,female,21,4233
D0-5546,Lauren,Cat,female,14,5520
E9-3231,Dalton,Cat,male,3,4142
A7-1825,Cassius,Dog,male,18,2964
F6-2215,Tyrell,Dog,female,19,6766
E1-8186,Konnor,Dog,male,10,5798
F6-8218,Chandler,Cat,male,9,9385
B7-2720,Ellen,Dog,male,21,9828
C6-7597,Rhett,Dog,female,20,1855
B7-9878,Antoine,Bird,male,9,2755
D7-4643,Lucille,Dog,male,17,7936
F7-8503,Julie,Bird,female,10,6427
C0-3052,Bo,Dog,male,14,8448
C4-1508,Grady,Dog,male,17,2801
E5-5442,Penelope,Dog,male,6,9051
D2-7311,Bernard,Cat,male,7,5553
D2-4992,Jeremy,Dog,male,6,9028
A3-9874,Armando,Dog,male,21,2519
C1-9531,Jax,Cat,male,17,8716
D6-9627,Rosemary,Cat,female,11,4169
B4-1785,Adrienne,Dog,female,2,2473
D5-6602,Dario,Dog,female,18,4995
F1-4380,Jaylon,Cat,female,18,2967
A8-2508,Jasper,Cat,female,20,9051
A6-6221,Payten,Dog,male,15,2863
F5-4589,Shayna,Dog,male,21,3024
E6-7344,Skye,Dog,female,3,5915
A3-7285,Kristopher,Dog,female,22,2238
B0-2930,Clarissa,Cat,female,18,9722
E8-3254,Elaine,Dog,female,16,3558
D7-9837,Brylee,Dog,female,2,8875
D7-6225,Immanuel,Dog,male,22,8077
D1-1354,Triston,Dog,female,22,9584
C1-3706,Jaydin,Dog,female,5,3876
B9-4366,Vivian,Dog,male,12,5550
C6-2794,Ashleigh,Cat,female,6,8793
A3-5254,Phillip,Bird,male,14,5081
D4-3029,Marlon,Dog,male,7,7708
D7-3283,Aaden,Cat,female,16,3153
D5-6056,Chana,Cat,male,16,5520
D2-3331,Amari,Cat,male,20,8408
A6-4632,Dangelo,Dog,female,10,8213
B9-3509,Brenden,Dog,female,13,2331
A8-8385,Ruby,Dog,female,14,2930
E9-5128,Ana,Dog,male,14,4231
E1-2059,Hamza,Dog,female,7,1641
B4-3712,Giancarlo,Dog,female,8,5077
A8-2857,Johnny,Dog,female,16,5444
E9-6048,Michael,Cat,male,4,6063
C2-9695,Alfonso,Bird,male,17,7665
C3-8581,Shawn,Dog,male,11,9658
F5-4688,Markus,Cat,male,20,7824
B2-8456,Zander,Dog,male,14,6280
C9-3239,Kate,Dog,female,21,5048
E8-8203,Jonathon,Cat,female,3,6094
E9-2241,Jaxson,Dog,male,3,3387
B0-5593,Jocelynn,Dog,female,14,9468
E7-8541,Cherish,Dog,male,5,1042
D3-8928,Journey,Dog,male,2,5855
B0-1278,Jerry,Dog,male,8,5515
E6-9450,Macie,Cat,male,22,9622
A3-9420,Colt,Dog,male,20,1334
D7-6538,Jaylin,Dog,female,14,5499
F7-3023,Agustin,Dog,male,22,3767
B0-6022,Marcos,Dog,male,9,9826
E6-7455,Arjun,Cat,male,5,9396
E1-3210,Kadyn,Dog,male,13,8015
D3-2503,Juliette,Dog,female,20,6869
F7-1464,Cole,Cat,female,4,5314
B5-3330,Marlene,Cat,male,7,4408
D3-2365,Lainey,Cat,male,9,4378
D6-9676,Adrianna,Dog,female,9,3058
B4-1641,Ashlee,Cat,female,6,6049
F0-7168,Greta,Cat,male,7,3024
C4-1498,Raina,Cat,female,15,9763
B2-6917,Nico,Dog,male,21,5912
E3-4254,Keyon,Dog,female,17,9218
D1-6636,Lorelai,Dog,male,17,6088
F0-4848,Xiomara,Dog,female,14,4908
A1-9318,Beckett,Cat,female,15,2103
C5-6385,Angelique,Bird,male,12,5780
C5-8648,Megan,Dog,female,5,9291
B6-5946,Layla,Bird,male,15,9012
E8-4074,Yesenia,Bird,male,16,5847
C6-7811,Max,Dog,male,15,5337
E6-7371,Tessa,Cat,female,2,7101
C4-4367,Nathaly,Cat,female,13,9017
E6-1657,Daniella,Dog,female,11,2043
D6-5549,Enzo,Bird,male,3,8575
B4-5805,Ally,Dog,male,12,5653
D1-6433,Dane,Cat,male,10,1906
B5-4140,Jayda,Dog,male,10,2349
B0-4477,Shania,Dog,female,17,2434
F8-9840,Phoebe,Cat,female,20,9298
D2-4654,Katrina,Dog,male,21,5712
F1-5049,Kathleen,Dog,male,16,7357
A6-8426,Lea,Dog,female,10,5041
A3-6495,Oswaldo,Dog,female,10,8515
A1-4582,Johnathan,Bird,female,21,3353
C5-4011,Rashad,Dog,male,22,6933
C5-5352,Keaton,Dog,female,8,1197
F5-6837,Yair,Dog,female,9,8004
F3-2041,Landyn,Dog,female,5,7127
D0-5533,Caleb,Bird,female,13,1146
A6-5210,Trenton,Cat,male,20,4139
B1-7785,Alayna,Dog,male,3,1528
D1-1472,Moshe,Bird,male,11,4341
E1-7518,Amani,Cat,male,2,3967
E0-3224,Trey,Cat,male,13,5553
C7-4736,Jamal,Dog,male,1,6020
F0-3403,Savannah,Bird,male,18,8181
D6-7790,Heather,Dog,male,13,8332
D7-5632,Amaris,Cat,male,17,6860
E6-5907,Tatiana,Dog,female,11,2666
F5-2884,Dexter,Cat,female,12,2341
A3-9671,Evie,Dog,male,9,4956
D3-8098,Delaney,Dog,male,18,5257
A4-4793,Sanaa,Dog,male,21,2037
E1-7685,Dax,Cat,male,13,7056
C1-8597,Ariel,Dog,female,22,2063
F2-6425,Alena,Dog,female,5,8207
E7-5172,Theodore,Cat,male,14,7497
D3-2277,Weston,Dog,male,7,9210
D4-1716,Giuliana,Cat,female,6,1082
D3-8526,Kyleigh,Cat,male,12,5875
B7-3601,Jazlyn,Dog,male,4,7290
A2-5885,Frida,Cat,male,14,3523
E9-3443,Nasir,Bird,male,6,3083
F9-3083,Nevaeh,Bird,male,2,4994
E6-5291,Jamar,Dog,male,3,9960
D9-8920,Terry,Cat,female,17,7391
E8-6865,Charity,Cat,male,6,9960
F4-4875,Marques,Cat,male,13,9049
A0-2451,Amiyah,Dog,male,6,3091
E7-8493,Hugo,Cat,female,22,4782
D1-7417,Richard,Dog,male,5,7265
C4-3408,Cyrus,Dog,female,17,4781
F7-1023,Ashtyn,Dog,female,13,2473
D2-4296,Cedric,Bird,female,18,8515
D1-8305,Aria,Dog,male,2,2346
B2-6387,Ace,Bird,male,14,4500
C6-7550,Mikaela,Dog,male,22,6287
E9-7710,Yadira,Dog,female,5,2356
C0-5269,Alisha,Dog,female,14,8589
E3-7534,Janiah,Dog,male,1,7077
D8-4388,Russell,Dog,male,19,1922
C2-5206,Donald,Dog,female,19,5091
A7-7003,Essence,Dog,female,2,7729
A1-8671,Rodrigo,Cat,male,21,9291
C2-3896,Troy,Cat,female,6,3091
B5-2816,Karlee,Bird,female,9,6811
A1-8434,Laila,Cat,male,15,8493
F7-3220,Lorenzo,Dog,male,13,3294
E4-1612,Taniya,Bird,male,14,3387
E0-6663,Cordell,Cat,female,3,8818
C2-1924,Molly,Cat,male,9,2430
F5-7839,Jovanni,Dog,male,8,9051
E0-8777,Larissa,Dog,male,12,8448
C5-6902,Regan,Dog,male,11,8408
D0-6180,Irvin,Dog,female,19,3013
F1-8270,Yael,Bird,female,16,9627
A0-8265,Kenny,Cat,female,17,4010
B0-9880,Nyla,Cat,female,7,1390
B6-6570,Malaki,Dog,male,14,7767
F3-8731,Kamila,Dog,male,22,7387
F1-5334,Liana,Dog,male,7,3353
D1-9737,Prince,Cat,male,8,3588
A1-3013,Juliet,Cat,male,11,4408
A1-9137,Corinne,Dog,male,5,5262
C3-4713,Tanya,Dog,female,6,6142
B1-4228,Kenya,Dog,male,13,9039
A8-6049,Craig,Dog,male,15,7876
C3-3960,Yoselin,Dog,male,17,9604
C8-8500,Edward,Dog,male,14,3778
D7-5675,Mira,Cat,male,3,3588
C0-4991,Trevon,Dog,male,9,8296
B4-9052,Chloe,Dog,male,22,7407
B8-8675,Nola,Dog,female,7,9866
E0-1683,Joanna,Dog,male,17,8716
C3-5600,Caden,Dog,female,18,8792
F8-6584,Jaden,Bird,male,5,9877
B4-2867,Claudia,Cat,male,13,1619
C3-9378,Hailie,Cat,female,20,1319
B3-5602,Giana,Dog,female,4,9604
C6-6156,Mariela,Cat,female,10,1397
F0-9964,Johanna,Cat,female,6,5389
F2-7936,Carmen,Cat,female,1,5048
F2-9012,Kyson,Dog,female,14,3473
C6-4745,Seamus,Dog,female,7,3253
A3-8186,Ariella,Cat,male,20,4027
B3-5004,Bobby,Dog,female,20,7085
D2-5733,Elizabeth,Cat,female,6,1097
D4-9252,Kendal,Dog,female,20,5884
B3-3944,Alessandra,Dog,male,8,2077
E2-3339,Mario,Dog,male,3,9857
C4-4133,Noel,Bird,female,9,3656
B8-8512,Parker,Cat,female,19,5011
E1-6562,Donavan,Dog,female,4,4408
D0-6552,Rylie,Dog,male,13,4318
D2-2745,Carmelo,Dog,female,1,3957
E5-6695,Perla,Dog,female,16,8215
B7-3339,Breanna,Dog,male,2,3865
F5-1064,Eden,Dog,male,7,5469
F4-7604,Haleigh,Dog,female,5,9627
F6-5223,Cason,Dog,female,12,8922
C7-9881,America,Cat,male,9,4185
A2-4973,Briana,Bird,male,6,4725
E2-7949,Jaylen,Bird,male,3,4643
D7-2846,Bailey,Cat,female,22,3967
C9-8024,Jesse,Cat,male,9,6253
E7-7110,Alan,Dog,female,11,1496
D1-6425,Caiden,Cat,female,4,5100
F2-3197,Dominick,Cat,female,13,7099
B5-5790,Aliya,Dog,male,10,8718
F3-3466,Giada,Dog,male,4,2296
D3-7579,Brogan,Dog,female,4,1332
F1-7459,Kylan,Dog,female,9,3661
E1-6258,Jamarion,Dog,female,20,1042
F7-8439,Khloe,Dog,male,14,6923
F4-5144,Barrett,Cat,male,15,2094
C3-4396,Myles,Cat,female,1,4793
D6-3496,Joey,Cat,female,11,1957
F0-4994,Damarion,Cat,male,14,6884
A3-6376,Elijah,Cat,male,2,1496
A1-1742,Samir,Dog,male,4,6389
D3-9134,Aleena,Dog,female,5,8965
A9-2074,Trystan,Dog,female,13,4056
D3-4634,River,Dog,male,13,9365
B8-7786,Sylvia,Dog,female,21,9438
A7-2523,Alanna,Cat,female,9,1653
D1-2539,Neil,Cat,female,22,5908
E5-3122,Aurora,Cat,male,16,1865
B7-4774,Amiya,Cat,male,16,2459
F5-1447,Dale,Dog,male,2,7464
D7-3030,Kiersten,Bird,male,9,9552
D4-8061,Kaylah,Dog,female,20,9522
F8-4837,Jaydon,Dog,female,1,6296
A9-3070,Arthur,Cat,female,11,5499
E6-1780,Myah,Dog,female,1,3253
C5-8352,Kelsey,Cat,female,11,6029
E8-7263,Shirley,Bird,female,1,6868
C2-4785,Milton,Dog,female,8,3523
F5-5248,Desiree,Dog,female,20,4792
B5-5254,Aspen,Cat,male,3,3615
C2-6230,Cassandra,Dog,male,5,1793
A0-8253,Jude,Cat,male,4,1456
D7-3760,Salvador,Bird,female,20,7988
C9-6165,Tia,Dog,female,20,4643
B7-4958,Aidan,Bird,female,15,3340
E3-4426,Ann,Cat,female,7,4995
F4-3913,Xavier,Dog,male,16,6754
C5-9190,Kaley,Dog,female,15,1246
A9-1684,Abril,Dog,female,3,4666
E6-7012,Orion,Dog,female,1,7380
C0-8177,Javion,Cat,female,14,5084
F8-3070,Braylen,Dog,male,4,1871
F8-8355,Lilah,Cat,male,2,6869
E3-2957,Leonardo,Bird,male,9,3655
B0-5062,Michaela,Dog,female,10,5833
A0-8054,Aryanna,Dog,female,17,6881
F5-3221,Jagger,Dog,male,8,1623
F0-6673,Danika,Cat,female,2,8906
C6-8837,Kamryn,Cat,male,17,7912
D9-6902,Erin,Bird,female,8,6266
B2-9330,Monique,Dog,male,4,5772
D5-2771,Harley,Cat,male,12,4942
B3-9518,Nehemiah,Dog,male,13,1561
C9-1880,Isabella,Dog,male,21,1132
A9-1889,Moses,Dog,male,3,8435
B7-8147,Cael,Cat,male,2,9658
A5-6350,Holly,Cat,female,1,8679
F2-9640,Aedan,Cat,male,17,4870
D3-4833,Brody,Dog,male,11,1399
D2-4021,Helen,Cat,female,8,4069
B1-5023,Eric,Dog,female,22,2459
F5-5166,Alden,Cat,male,22,3411
F8-6837,Barbara,Dog,female,18,7650
F4-3527,Martha,Dog,male,21,2331
C1-1225,Melina,Dog,male,14,9552
A5-2936,Bryanna,Cat,male,18,2888
A2-4752,Lexie,Dog,female,21,6600
D7-8521,Santos,Dog,female,4,4185
E9-5103,Meadow,Dog,male,3,1479
F0-5461,Amare,Dog,male,19,8801
E6-5071,Eliza,Cat,male,12,2775
B5-3524,Philip,Dog,female,7,9857
B3-8856,Marina,Bird,male,3,6600
C2-1585,Tianna,Dog,female,2,8299
C2-6725,Milagros,Cat,female,2,7282
E6-5903,Alvaro,Dog,male,3,9319
E1-5634,Phoenix,Dog,female,19,2791
A2-7915,Kenyon,Cat,male,5,8867
B2-3135,Kennedi,Cat,female,18,1596
A6-4349,Cory,Dog,male,14,8207
B2-8858,Chace,Bird,female,13,8553
D3-2809,Charlee,Cat,female,5,5389
D3-9324,Reynaldo,Bird,female,6,8622
D5-5195,Madilynn,Cat,female,2,3600
D9-8847,Ada,Cat,male,12,5550
D6-1121,Angeline,Bird,female,12,7056
F6-2414,Lina,Dog,female,15,7077
F5-4822,Gavyn,Cat,female,14,1653
B5-5174,Adonis,Dog,male,14,5420
A4-1125,Cohen,Dog,male,7,5796
A3-9009,Braeden,Dog,female,3,1368
C2-3404,Siena,Cat,female,6,2625
B2-5852,Alejandra,Dog,female,21,4314
F3-6068,Carissa,Cat,female,6,5308
B0-1919,Devin,Bird,female,14,7956
B9-3345,Mayra,Dog,male,9,3013
E8-3779,Katherine,Bird,female,7,8299
B3-4802,Iliana,Dog,female,20,9622
F5-2914,Ashton,Cat,male,19,9421
B2-6363,Kamari,Cat,male,8,6884
E1-2057,Kolby,Dog,male,15,7743
C4-7963,Daniel,Cat,female,3,8493
B5-6264,Maximillian,Cat,male,3,4190
D8-6253,Arianna,Dog,female,11,1368
E7-4589,Phoenix,Dog,female,22,5484
B8-5856,Elianna,Cat,male,19,8599
B2-2505,Isiah,Dog,female,5,7254
F4-2747,Maliyah,Dog,female,8,4793
F6-2828,Dania,Cat,male,16,4783
C5-2046,Adison,Dog,female,12,3862
E8-6168,Ethan,Cat,male,15,3335
D8-7734,Jeremiah,Dog,female,5,8801
E7-1431,Arturo,Cat,female,4,3644
F9-6558,Braydon,Cat,male,18,7825
A4-6543,Jackson,Dog,male,16,2201
B1-3302,Pamela,Cat,female,22,7915
C8-3402,Jett,Dog,male,11,6015
E5-9793,Jermaine,Dog,male,15,9885
B7-1707,Terrence,Dog,male,8,2037
B2-5302,Rayne,Dog,female,2,6276
F0-5154,Danna,Bird,male,20,3157
B6-7331,Janelle,Cat,female,4,6881
E5-1136,Kendall,Dog,female,4,9959
B0-1797,Hazel,Dog,female,16,2504
C8-9662,Trinity,Dog,male,22,7359
B1-7849,Marely,Dog,male,20,6194
F1-9976,Jaslene,Bird,female,9,2899
A9-9826,Marianna,Cat,male,9,6266
C6-8897,Byron,Dog,male,2,1067
C6-8153,Misael,Cat,female,19,6031
F6-9353,Harry,Cat,male,8,1939
A4-4527,Tatum,Dog,male,20,4488
B8-2297,Oscar,Cat,male,16,7460
C3-6700,Quinton,Dog,male,10,3482
D0-1850,Madison,Cat,male,4,8015
D5-7518,Mollie,Dog,female,16,6280
A4-1324,Lesly,Cat,male,15,4989
B1-2572,Sincere,Cat,female,15,9075
D7-6578,Jose,Dog,female,18,4139
F1-8811,Simon,Cat,female,16,2401
E4-2289,Macey,Cat,female,13,4032
A4-3998,Kaylen,Bird,male,19,4246
F1-2678,Anika,Bird,female,5,2791
A2-4525,Aimee,Cat,female,21,5048
B4-3651,Cheyenne,Bird,female,14,5117
C0-8640,Denzel,Dog,female,15,7423
E4-4593,Faith,Dog,female,16,3757
D4-7688,Tiana,Dog,male,16,2593
A2-4018,Cierra,Cat,male,13,9403
D7-9694,Guillermo,Dog,male,22,4994
F5-7814,Gerald,Dog,male,20,7912
A9-7981,Karli,Cat,male,5,5383
B3-3455,Karley,Bird,female,9,9222
E9-8534,Ian,Cat,male,2,9006
E8-1695,Amari,Dog,male,3,1623
C3-4274,Drew,Bird,male,5,1759
F0-1142,Anastasia,Dog,female,13,8656
F7-2753,Uriel,Dog,female,4,3483
D4-6518,Cale,Dog,female,2,2320
B2-1756,Romeo,Cat,male,19,8597
B6-8490,Kenley,Dog,male,5,4536
A6-4173,Kayley,Dog,male,10,1246
F4-7182,Dulce,Dog,female,14,7869
C0-5391,Karissa,Dog,male,8,7858
D0-2027,Victoria,Dog,female,8,4488
F5-8305,Natalie,Cat,male,22,7127
D5-6305,Derick,Dog,male,10,5026
F1-9992,Dayanara,Dog,male,1,7708
F3-9046,Mason,Dog,male,10,2208
E6-4617,Haley,Cat,female,15,9317
F3-9662,Douglas,Cat,male,9,9468
B3-9359,Giovanny,Dog,female,17,6591
E4-3951,Owen,Dog,male,5,8262
A1-2515,Yusuf,Cat,male,3,9055
D7-8583,Skyler,Dog,male,22,3495
A9-3948,Ishaan,Cat,male,4,7301
D4-6205,Mohamed,Dog,female,17,9686
E1-7954,Mya,Dog,female,12,8725
B9-7867,Christine,Cat,female,17,8054
E6-1436,Justin,Dog,female,3,7356
B4-9432,Willie,Dog,female,10,9614
D4-4816,Porter,Cat,male,8,5862
B7-4874,Gina,Cat,female,18,7422
F9-2386,Elian,Dog,male,6,6276
E0-3854,Asher,Dog,male,8,4233
E3-9567,Madelynn,Dog,male,1,8077
E3-6883,Noemi,Bird,female,12,4595
F7-9566,Kayden,Dog,female,15,2215
F8-8029,Ainsley,Cat,female,21,5077
C0-9996,Guadalupe,Dog,male,9,6596
C8-2099,Tara,Bird,female,18,2043
F5-1753,Mariana,Cat,female,20,3615
E0-4185,Blake,Cat,female,21,1390
E3-7215,Omari,Dog,male,9,9571
A4-8612,Cooper,Cat,male,22,5610
A6-8842,Angelo,Dog,male,12,8296
E1-4076,Genesis,Cat,female,9,7704
C1-5284,Meghan,Cat,female,6,1211
C7-4825,Lucian,Cat,male,4,8077
C2-7140,Makai,Dog,male,15,7680
D3-8237,Rhys,Dog,female,9,8195
B9-6655,Tess,Bird,female,9,6001
D2-1260,Darius,Dog,female,2,7001
A8-8227,Ellis,Cat,male,9,7099
A8-4994,Zackary,Dog,female,7,5151
B8-3067,Aydin,Dog,female,1,8702
D9-4760,Katie,Dog,female,14,5806
E9-2709,Xander,Dog,female,7,7663
B0-1249,Kylie,Bird,female,22,4625
B6-8558,Quinn,Bird,female,3,7101
D6-2047,Ruth,Cat,female,12,2243
D3-7985,Cristina,Cat,male,14,9395
A0-1927,Payton,Dog,female,5,5692
C2-1597,Felicity,Cat,male,2,6029
E8-5117,Brenda,Dog,male,13,8429
D8-7548,Jamiya,Dog,female,6,3957
C2-5453,Sidney,Dog,female,22,4123
F8-8687,Lydia,Dog,male,4,1399
B3-8994,Tristen,Cat,male,9,4737
B0-1425,Addison,Dog,male,13,7356
C0-9148,Paula,Cat,female,20,1906
A4-7573,Camryn,Cat,male,6,2561
F3-2550,Killian,Cat,female,21,6045
B3-1132,Clay,Dog,male,7,4256
C8-9047,Reagan,Dog,female,11,5679
A9-1115,Mara,Dog,female,21,6441
F1-9847,Justice,Dog,male,19,4643
D4-2292,Ivy,Dog,male,19,3340
F0-3289,Colten,Dog,male,1,3518
F4-4066,Davis,Cat,male,6,5462
B6-1570,Rowan,Dog,female,6,3632
E5-8537,Whitney,Dog,male,5,5444
F5-9102,Trevin,Dog,female,8,5499
A4-6761,Alyvia,Bird,male,10,5508
B5-1222,Caroline,Dog,female,12,3423
E7-3466,Madisyn,Cat,female,10,8686
A3-3891,Darryl,Cat,male,15,1332
E5-4560,Bruce,Dog,male,6,8653
F5-9656,Rubi,Cat,male,5,3661
C0-6718,August,Dog,female,14,3733
E2-6260,Kaylie,Cat,female,11,5480
D3-3780,Keyla,Dog,female,11,5242
A6-6932,Randall,Cat,female,16,7391
D9-5250,Ronnie,Dog,female,12,3340
B4-5147,Demarion,Dog,male,14,4495
D9-9581,Leo,Dog,male,7,6938
E8-8170,Hannah,Bird,male,1,6591
C7-9471,Taniyah,Bird,male,14,5480
A9-8137,Morgan,Bird,male,1,8497
F0-8583,Jaylyn,Cat,male,18,8213
D4-3826,Mireya,Cat,male,9,9523
E0-4656,Mallory,Dog,female,2,9207
F9-8058,Lola,Cat,female,1,1999
D4-4081,Bradley,Cat,male,5,9216
B0-4128,Jamie,Cat,male,11,8054
A5-5050,Averie,Cat,female,17,8429
F3-1154,Ramiro,Cat,female,17,5572
B6-9113,Darion,Dog,female,17,6754
F2-3491,Jan,Dog,male,1,3393
A8-3029,Chaya,Dog,male,5,6015
D4-8542,Hassan,Cat,male,15,7343
B3-4730,Pablo,Cat,female,14,4595
C9-6195,Maya,Dog,female,2,7380
B4-7225,Edgar,Dog,male,14,6907
E7-9939,Angela,Dog,female,21,4763
E6-8781,Stephen,Cat,male,10,4122
B4-2893,Audrey,Dog,female,4,1332
E9-4587,Kiley,Dog,female,11,7224
F4-3311,Jakayla,Cat,female,16,1344
D3-7958,Karson,Cat,female,14,8897
D2-2355,Mohammad,Dog,male,14,3804
C1-9373,Liam,Dog,male,7,8688
E5-1832,Octavio,Dog,male,12,1279
B0-8692,Madeleine,Dog,female,20,8887
D5-4709,Derrick,Dog,male,18,6187
E3-2354,Saniya,Dog,female,5,6596
B9-6544,Paola,Dog,male,13,4033
F3-3894,Demarcus,Dog,male,3,4628
A5-1376,Makenna,Cat,female,11,1793
B3-1256,Konner,Dog,male,6,7265
E8-5291,Lilliana,Cat,male,17,9302
B1-4943,Ayana,Dog,female,8,3588
B9-5703,Harley,Dog,female,8,6235
C1-9898,Cecilia,Dog,male,17,4233
A8-3963,Kyra,Bird,male,2,9216
B7-8649,Linda,Cat,female,5,9474
E0-7252,Aniyah,Cat,female,10,2033
A1-5144,Messiah,Dog,male,21,3393
A8-3907,Keagan,Dog,male,8,2349
F5-1252,Noah,Cat,female,10,2134
E7-4333,Paris,Dog,male,5,1817
F9-5284,Ean,Bird,female,21,9396
F1-8667,Deandre,Dog,female,4,5257
E7-8191,Samara,Dog,male,4,4600
B0-2697,Tate,Dog,female,20,8589
E1-4479,Anthony,Cat,female,14,5595
B7-3937,Maggie,Cat,male,1,9028
B4-2724,Jaden,Dog,male,14,4740
D2-4048,Lilyana,Dog,female,17,1397
D3-7581,Aubrey,Dog,male,3,9007
E4-6039,Haven,Dog,male,11,3516
D4-8727,Jack,Cat,female,13,5151
D2-8487,Monica,Cat,male,10,9491
C9-6675,Colby,Bird,male,16,5011
E7-7457,Olivia,Cat,male,8,9552
D8-3261,Aubree,Dog,female,5,6590
A3-8792,Jewel,Cat,female,8,9994
D2-9268,Emelia,Cat,male,10,8243
F8-4845,Susan,Dog,female,19,9978
C5-6222,Heidy,Dog,female,8,6540
A1-3585,Landen,Bird,male,2,3655
E2-5304,Kade,Cat,male,16,7869
E4-5302,Esther,Cat,female,10,9019
F8-1254,Deangelo,Cat,male,22,8686
A1-9198,Iyana,Cat,male,16,5791
C9-3874,Presley,Dog,female,11,4667
C3-3147,Kelsie,Cat,female,17,4903
D1-8290,Evelyn,Dog,male,9,2670
E6-8421,Raelynn,Cat,male,4,1999
F1-7512,Gustavo,Cat,female,3,8927
F1-1425,Hillary,Dog,male,21,4628
C0-9505,Kyler,Dog,female,15,8653
E6-2359,Devyn,Cat,male,13,3034
D8-1377,Andre,Cat,female,22,8413
B5-8753,Alivia,Cat,male,3,4231
E9-9341,Virginia,Cat,male,2,6388
F8-9816,Yareli,Dog,female,7,5462
B2-7265,Eva,Cat,female,19,3388
B3-5022,Damari,Cat,male,14,1648
A2-2279,Chris,Bird,male,4,6671
A2-9515,Aubrie,Dog,female,21,1067
C8-1890,Kaitlin,Dog,male,17,9522
F8-2527,Jeffrey,Dog,male,16,7357
A7-8182,Deshawn,Cat,male,5,3562
C2-8631,Kaleb,Dog,female,20,5262
F7-1817,Princess,Cat,male,19,2132
A6-4850,Thomas,Cat,male,12,4929
E5-2980,Harrison,Cat,male,14,8875
F6-4371,Efrain,Cat,male,9,7793
C7-8225,Carolina,Dog,male,21,7650
E5-9312,Reginald,Dog,male,5,9474
A8-7279,Adan,Bird,female,12,2931
A7-2880,Carl,Cat,female,4,9144
C4-4722,Harold,Bird,female,7,1067
C1-3461,Francesca,Cat,male,10,9291
B9-7765,Alondra,Dog,male,6,3508
C8-4279,Jordan,Cat,female,19,9400
E3-4617,Matias,Dog,male,1,7908
F8-3242,Kody,Dog,female,7,7254
B3-1343,Addisyn,Bird,male,8,4906
F1-9228,Luciana,Cat,female,12,1964
A6-6493,Gordon,Bird,male,7,3644
D9-5377,Maritza,Cat,male,1,3516
D4-2630,Adelyn,Dog,male,16,9756
B0-7215,Estrella,Bird,male,7,1042
A8-1260,Aarav,Dog,male,1,1149
E4-6366,Sammy,Cat,male,4,7460
B6-3244,Winston,Dog,female,17,2706
E5-9204,Finley,Dog,male,1,1366
E7-9206,Julian,Dog,male,18,1334
C7-9488,Elsa,Cat,male,15,9807
F7-3470,Amelia,Cat,male,10,5855
A9-5040,Cornelius,Dog,female,7,9978
B8-1176,Chance,Dog,female,1,9302
C6-7815,Alexandria,Cat,male,8,5678
C0-9394,Valentin,Dog,female,19,8116
A0-7986,Sarah,Dog,female,4,5262
D3-5031,Valentino,Dog,male,16,8207
F5-4635,Gabriel,Bird,female,21,9421
D7-8535,Mina,Cat,male,3,5553
E1-1390,Nathanael,Cat,male,8,5798
A5-2797,Mercedes,Dog,male,21,8009
E7-9326,Alexis,Dog,male,8,3956
F5-6021,Sariah,Dog,male,13,7912
C8-1081,Armani,Dog,male,11,2768
B8-4896,Braiden,Bird,female,2,4793
A8-7813,Elliana,Dog,female,20,6266
E5-1619,Issac,Dog,male,6,3878
B2-4126,Sara,Cat,male,6,3600
F3-1138,Asia,Cat,male,18,8867
C5-8944,Rey,Dog,male,15,1871
D4-2948,Willow,Cat,male,13,6639
F7-2770,Emmy,Dog,male,9,3245
F6-8940,Lily,Dog,male,6,7387
F1-5749,Miles,Cat,female,17,7083
C2-5350,Gianna,Dog,male,22,8801
B0-6743,Dereon,Cat,female,18,9210
B2-9303,Damon,Cat,female,20,7710
D0-1761,Jazlynn,Bird,male,20,2687
F1-6850,Leland,Dog,male,21,6142
A3-5576,Anaya,Dog,male,21,3594
D0-5353,Allan,Cat,female,15,9039
D8-2403,Bailey,Cat,male,12,4213
E5-5800,Tori,Cat,male,9,4139
A2-2813,Houston,Cat,male,19,4735
A0-5729,Boston,Dog,female,2,6031
F9-5469,Aiyana,Cat,male,16,2666
D4-2351,Abdiel,Cat,male,15,1546
A6-5981,Gabrielle,Cat,male,15,3089
E7-1326,Alice,Cat,female,12,3659
B6-9468,Alonso,Cat,male,4,4318
C3-6757,Elaina,Cat,male,1,9385
D6-2844,Bryce,Dog,female,20,6881
E2-4797,Preston,Dog,male,7,2495
B3-5128,Bailee,Dog,male,12,7001
E1-2250,Kasen,Cat,male,22,2722
C3-1719,David,Dog,female,1,2899
B1-4949,Micaela,Cat,female,4,3091
A3-5826,Derek,Cat,male,16,4667
D5-3947,Yandel,Dog,female,10,3993
F7-6955,Garrett,Bird,male,10,9850
A4-7122,Abby,Dog,female,18,4213
D2-9418,Irene,Cat,male,10,4600
D4-6670,Brennen,Dog,female,3,6102
E8-8672,Abdullah,Bird,male,22,3294
B3-7527,Camron,Dog,female,20,5796
E7-5558,Jaqueline,Dog,male,1,6280
C6-4089,Tyrese,Cat,female,5,8297
B2-9980,Makhi,Bird,male,4,6540
C2-4131,Josue,Cat,male,16,5737
D2-6593,Julianna,Dog,female,22,2964
C4-4006,Lauryn,Cat,female,21,4190
D4-8918,Carter,Dog,male,14,2272
E8-3958,Jacquelyn,Dog,female,11,5733
C3-8086,Jayce,Cat,male,21,3990
A9-7499,Jordin,Dog,male,16,1971
B9-9651,Dustin,Dog,male,13,9206
C2-9332,Quinten,Cat,female,3,9978
B2-2963,Franco,Dog,female,1,1070
B5-4810,Libby,Dog,male,4,8234
E7-7808,Marco,Cat,male,13,6860
C4-1805,Christian,Cat,male,18,7938
F9-8485,Rachel,Bird,male,3,5337
F3-5833,Nayeli,Cat,male,17,7804
E6-8982,Keegan,Dog,male,11,8818
F1-6182,Dana,Dog,male,19,3508
F4-3867,Eve,Dog,female,12,8243
D1-4353,Jace,Cat,male,7,4032
C8-2018,Corey,Dog,male,5,1957
E6-2274,Branden,Dog,male,3,2593
D3-8244,Deborah,Bird,female,8,5847
A7-4141,Cade,Bird,male,2,7391
E1-2275,Shannon,Dog,male,3,8702
B1-9433,Dashawn,Dog,male,1,9927
A6-9219,Rebekah,Dog,male,12,8962
A2-4688,Kaylin,Dog,female,17,2807
A2-4182,Yasmine,Cat,female,20,4792
B8-6123,Gauge,Cat,female,6,8653
C2-2836,Miriam,Dog,female,10,3157
C2-4444,Felipe,Bird,male,1,2930
E6-6413,Rogelio,Dog,female,2,9051
E7-8027,Gloria,Dog,female,18,6287
B2-2439,Salvatore,Dog,female,4,2666
B1-2499,Cameron,Cat,male,13,6173
F5-4551,Israel,Dog,male,3,9042
A2-7773,Abigayle,Dog,female,17,6049
D9-3306,Arabella,Dog,male,9,2687
C0-4711,Ibrahim,Cat,female,20,7224
B4-8320,Avery,Dog,male,14,7908
A9-8664,Zayden,Cat,male,14,3368
B1-9159,Kenzie,Cat,female,4,5910
E7-3386,Dylan,Bird,female,16,5168
B7-7089,Nylah,Dog,male,6,7056
D7-8683,Abbie,Dog,female,12,9523
D2-3360,Gracelyn,Cat,female,14,9395
D5-3708,Samantha,Bird,male,1,7180
D1-5390,Jaylah,Dog,female,9,7254
F8-2402,Kathy,Dog,female,1,6869
F8-6720,Elsie,Dog,female,7,4027
F2-7294,Amaya,Dog,female,13,3874
D0-1318,Campbell,Cat,male,12,2208
B2-9193,Kenna,Dog,female,6,2320
D2-3629,Davon,Dog,female,11,4995
F9-5271,Kiara,Dog,male,14,5150
D9-6134,Roberto,Cat,male,21,7376
F6-2293,Clark,Bird,female,12,8906
E2-3917,Branson,Dog,male,21,5207
C6-5746,Yaritza,Cat,female,19,2495
C2-3146,Grant,Bird,female,18,3876
A6-2236,Kimberly,Cat,male,11,3516
D3-9075,Danny,Cat,male,13,9028
B8-8090,Kali,Dog,female,10,2967
E7-3970,Julianne,Cat,male,1,7650
D2-8947,Paxton,Bird,male,18,8362
D0-2550,Melody,Dog,female,11,1043
B3-5990,Carson,Cat,female,17,2504
B9-1716,Alicia,Dog,female,22,3588
F8-3580,Braylon,Cat,male,3,1546
D1-6236,Franklin,Bird,male,17,4661
A1-6951,Stanley,Dog,male,3,7224
A8-2106,Abbey,Bird,female,4,8619
C4-3496,Demetrius,Cat,male,16,5780
C9-7269,Janae,Cat,male,11,8597
F6-6951,King,Dog,male,16,5011
F5-9974,Kolten,Cat,female,16,2651
D5-1239,Devon,Cat,male,2,5772
C3-8703,Fiona,Cat,female,10,2251
E3-4814,Conor,Dog,male,13,6305
D8-7380,Aidyn,Dog,male,5,2906
A0-4263,Jakobe,Cat,male,1,7586
A7-3553,Charles,Dog,male,19,2967
F5-1488,Zoey,Dog,female,22,9900
C5-2889,Jerome,Bird,female,13,2310
C0-8597,Lilian,Dog,female,4,4488
F6-4607,Miah,Cat,male,4,9019
A9-8136,Rosa,Dog,male,10,5855
E1-6058,Hadassah,Cat,female,7,7606
F6-9376,Madelyn,Cat,male,8,8435
B4-8760,Mariam,Bird,male,22,5560
B3-7884,Lucy,Dog,male,19,3504
F1-2589,Gideon,Cat,female,1,3516
F4-9538,Arielle,Cat,male,21,5958
E4-1115,Nancy,Dog,female,22,6253
A7-9765,George,Dog,female,21,5141
B7-6445,Victor,Cat,male,16,4782
F5-3974,Aydan,Cat,male,7,7936
B2-2656,Jair,Dog,male,10,8897
A5-2835,Kaila,Cat,male,12,5780
F9-4005,Carley,Cat,male,20,7265
C2-8547,Marley,Dog,female,1,6413
E2-2327,Anahi,Bird,male,11,4577
B1-5137,Makenzie,Cat,female,19,4033
C5-2857,Christopher,Dog,female,13,2767
B0-9086,Zaiden,Dog,male,19,2899
A7-9856,Orlando,Cat,male,11,5165
D9-1591,Matilda,Cat,male,9,8368
A8-8261,Ciara,Dog,female,17,8181
C9-8078,Darian,Bird,female,3,2519
B9-2544,Adyson,Cat,female,22,6599
F6-3942,Nathalia,Dog,male,3,2967
C8-1057,Fernando,Dog,male,13,2670
F9-6649,Graham,Cat,male,17,6042
B0-2065,Broderick,Cat,female,12,5610
B8-8542,Angie,Dog,female,11,5560
B5-5100,Rafael,Cat,male,22,1623
B6-7141,Ethen,Cat,male,12,3715
D7-1868,Freddy,Dog,male,12,9356
B4-5181,Melissa,Cat,female,19,8432
C3-7644,Janiyah,Cat,male,8,9326
E0-2754,Selena,Dog,female,2,7023
A2-8180,Miguel,Cat,male,15,7347
E3-9311,Annabelle,Cat,female,16,3385
C9-5532,Kolton,Bird,male,9,9587
D6-4193,Maci,Dog,female,22,1829
A7-7663,Moriah,Dog,male,2,7581
D2-2538,Coby,Dog,female,16,4659
F7-6430,Omar,Dog,female,8,2607
D5-4719,Zion,Cat,male,22,3668
E6-8553,Melvin,Dog,female,3,4793
E9-9238,Nadia,Dog,male,4,3041
D9-5258,Yaretzi,Bird,male,11,6049
B6-7812,Jaxon,Dog,female,9,4783
B0-2441,Ross,Dog,female,3,9532
A2-4192,Reece,Cat,male,13,3960
B4-5249,Denisse,Dog,female,4,8215
A4-4621,Kane,Cat,male,8,4628
D3-3895,Selah,Dog,male,17,1399
F1-1448,Mareli,Dog,male,13,3086
D1-6135,Ali,Cat,female,15,2033
D8-3251,Brice,Dog,male,17,5712
E8-2573,Krish,Dog,female,12,9017
C4-6505,Ronan,Dog,female,19,8207
E1-7480,Kaleigh,Dog,female,21,3034
F8-3612,Javier,Cat,female,6,4595
E5-8162,Aiden,Dog,female,12,7391
E1-4861,Axel,Bird,female,6,5453
B1-5250,Sebastian,Dog,male,9,5954
E1-8501,Blaine,Dog,male,1,7422
C9-9164,Madden,Dog,male,14,2688
E6-5808,Lizbeth,Dog,male,3,8404
A7-9409,Kayden,Dog,male,20,2775
A7-2777,Sandra,Dog,female,14,2207
C7-9169,Leila,Dog,female,4,9039
C6-3647,Kaylee,Dog,female,20,5791
E5-4797,Abagail,Dog,female,11,3473
F5-3967,Joseph,Bird,female,5,5518
E7-6791,Davion,Dog,male,13,5610
F1-7620,Josh,Cat,female,1,3659
C1-9408,Elisabeth,Cat,male,8,7392
F9-2183,Brayden,Dog,female,12,8897
A7-4952,Stephanie,Cat,male,1,2580
E2-5862,Raven,Dog,female,11,1399
C9-6871,Miya,Dog,female,22,1922
C7-5993,Anabel,Dog,male,18,8368
B9-4864,Kallie,Dog,female,6,1312
D8-7017,Ashly,Bird,male,3,7651
D9-1413,Annie,Cat,female,12,2132
A4-8843,Amya,Dog,female,4,6157
D3-1819,Lisa,Dog,male,18,7077
F5-7292,Maia,Dog,female,2,1229
D5-2789,Shyann,Dog,female,16,1097
F8-7242,Damien,Cat,female,3,4934
F1-8904,Kingston,Dog,male,21,4105
C1-1579,Taylor,Dog,male,5,1368
F6-7787,Bianca,Dog,female,4,6388
C1-1497,Kaiya,Dog,male,13,3896
A5-2208,Clayton,Dog,male,18,3632
F0-8651,Greyson,Dog,male,8,7846
B3-5936,Rylee,Dog,female,11,1644
E3-4886,Alyson,Cat,female,20,2353
F9-4898,Joslyn,Dog,female,5,7710
E8-4126,Leroy,Bird,female,14,5641
B4-1297,Nicolas,Cat,female,3,4094
F0-7046,Jordyn,Bird,male,22,5508
F0-5404,Catalina,Dog,male,22,6133
B0-2063,Gwendolyn,Cat,male,5,1208
D5-6791,Mohammed,Bird,female,18,5048
F7-3477,Alex,Cat,female,18,2666
D9-4276,Rene,Dog,female,6,1829
E5-9337,Evan,Cat,female,2,4267
E2-9698,Dayami,Cat,male,7,6934
E3-5640,Camilla,Dog,male,7,6441
A1-1970,Addyson,Dog,male,13,4901
D3-1776,Aron,Cat,female,9,1759
B5-4098,Mikayla,Dog,male,6,6816
A5-5690,Stacy,Dog,male,20,9212
D8-7668,Mathias,Cat,female,19,6600
A2-5191,Lillian,Dog,male,6,9104
E7-9716,Salma,Cat,female,1,2711
E8-5184,Callum,Bird,female,21,1161
A5-8971,Raul,Cat,female,12,2725
B0-7222,Lyla,Cat,female,9,6280
C9-8135,Silas,Cat,female,20,4600
A8-5094,Makena,Bird,female,21,6915
D2-7974,Titus,Dog,male,6,6760
F2-9670,Ralph,Dog,male,4,6388
C6-5708,Cara,Cat,female,21,5173
C5-3042,Jordan,Dog,female,12,7391
D8-8696,Briley,Cat,female,7,8679
B3-5498,Toby,Cat,female,19,3967
C0-3381,Izabella,Dog,male,8,4725
B0-7174,Koen,Dog,female,6,3558
D1-6729,Santino,Cat,female,15,1479
D1-7995,Keenan,Dog,male,11,4233
F9-7584,Dominik,Dog,male,8,9076
C2-3092,Noelle,Dog,male,10,4782
D1-6639,Leandro,Dog,male,2,8884
A7-6017,Micah,Dog,male,17,1208
B2-5615,Jayla,Dog,male,8,4256
D1-7769,Nelson,Bird,male,13,1070
E8-9512,Zayne,Dog,male,16,9326
F7-7540,Precious,Cat,female,15,4644
F0-6060,Damaris,Cat,female,7,7359
C5-7583,Zechariah,Cat,male,6,7741
E6-6053,Skylar,Dog,male,15,7265
D4-2952,Ahmed,Bird,male,5,8927
A2-6326,Marley,Cat,male,19,8027
E6-9634,Melany,Dog,female,8,1202
E8-4540,Ashanti,Dog,male,1,2872
A2-2483,Nyasia,Cat,female,17,5515
D0-7983,Nickolas,Cat,female,11,2989
B8-9458,Reina,Cat,male,13,3029
F0-1964,Delilah,Cat,female,2,9126
E7-8401,Shamar,Cat,male,16,3294
B3-6441,Andy,Dog,female,9,8642
B5-6792,Kathryn,Cat,female,21,9497
C4-1020,Juliana,Dog,male,15,4185
A9-6565,Cheyanne,Bird,male,1,7112
F8-9832,Thaddeus,Dog,male,2,4783
D7-7113,Amy,Dog,female,5,4960
B6-3912,Jeramiah,Cat,male,16,1118
B5-1294,Dominique,Dog,female,5,2019
C0-1121,Yazmin,Dog,female,10,5081
E2-3845,Jadyn,Dog,male,22,1479
C6-8475,Evangeline,Dog,female,10,2123
F6-1280,Lewis,Cat,male,22,1495
E1-1725,Sasha,Dog,female,14,4393
C5-9371,Taliyah,Cat,female,14,9522
A0-4879,Josie,Dog,female,2,8234
B0-3148,Christina,Cat,male,6,9319
B4-1445,John,Dog,female,21,4190
C7-1603,Emilie,Dog,male,18,1068
C5-9453,Georgia,Dog,female,3,3661
A1-3525,Angelina,Dog,female,12,8922
D6-5754,Raiden,Dog,male,7,9584
A0-2610,Chase,Dog,male,18,3385
D4-5670,Jovani,Cat,male,6,1561
A2-9810,Augustus,Bird,male,5,2559
F4-8162,Ezequiel,Dog,male,16,8298
C0-4696,Pierre,Dog,male,20,6881
A9-6231,June,Dog,male,4,1865
E7-3619,Ryder,Dog,female,6,7484
A8-9530,Yosef,Dog,male,7,3608
F3-2944,Ingrid,Bird,male,1,9444
F0-2209,Darnell,Cat,female,3,7387
B0-3976,Camren,Dog,female,11,7555
A0-5186,Mariyah,Cat,male,1,6173
A7-2023,Damian,Dog,male,21,7546
F3-5414,Maribel,Dog,male,1,6305
D2-1754,Sage,Dog,female,9,5091
E9-9428,Alissa,Cat,female,4,8262
D7-7753,Jaelyn,Dog,female,2,1906
E0-3943,Griffin,Cat,male,14,7200
F4-3338,Brycen,Dog,male,1,3704
B4-2361,Yasmin,Dog,female,2,7391
A9-5813,Matthew,Dog,female,3,8015
E2-3876,Jakob,Cat,female,12,2094
F8-8489,Macy,Cat,male,8,6020
E4-5478,Brielle,Dog,female,7,4956
D6-5344,Ezekiel,Cat,female,22,2043
D4-9408,Brady,Dog,male,12,2906
C5-8639,Ernesto,Cat,male,17,7002
A3-1896,Marilyn,Bird,female,11,2101
E6-7182,Keon,Dog,male,19,8143
F8-3927,Izayah,Dog,female,18,7177
E0-4203,Sarai,Dog,female,17,2132
D5-2007,Caitlyn,Cat,female,17,4782
A6-5684,Heath,Bird,male,3,6868
D6-8798,Evelin,Cat,female,15,9111
B1-3935,Milo,Cat,female,15,1319
D0-1398,Saige,Dog,male,18,3029
D7-9558,Marisa,Dog,female,19,4056
F4-3245,Audrina,Dog,female,20,6907
A3-5387,Lilianna,Dog,female,12,9552
A3-3655,Adolfo,Cat,male,6,1170
D9-5504,Sienna,Cat,male,20,1132
F5-4189,Nathaniel,Dog,female,8,9587
C0-4465,Cesar,Cat,male,7,2756
D7-1589,Adam,Dog,female,6,3588
F4-3259,Nolan,Cat,male,18,3335
A4-6945,Jovanny,Dog,male,2,4536
F7-8631,Charlie,Cat,female,8,7704
E7-8559,Nia,Dog,female,3,8702
F9-9096,Naima,Cat,female,16,4185
E3-7060,Jalen,Dog,female,11,5796
D9-4589,Xzavier,Dog,male,19,3562
D8-2541,Jared,Dog,female,18,3034
B5-2845,Anabella,Dog,female,21,7650
F9-9495,Jazmine,Dog,male,7,2382
E2-8406,Dayton,Cat,male,5,4989
A7-3949,Aditya,Cat,female,11,8094
F4-6388,Judah,Bird,female,20,2725
C1-8904,Gunner,Cat,male,5,7620
E2-5983,Erick,Cat,female,3,1528
B1-8166,Kamren,Dog,male,15,9836
D9-5566,Miranda,Dog,male,15,3411
C3-5152,Adriel,Cat,male,5,3733
B4-5599,Frederick,Dog,female,12,8296
F8-7251,Logan,Dog,male,15,9006
E6-9420,Jade,Cat,female,20,6396
F8-2256,Anya,Dog,female,2,8994
C4-1227,Brandon,Cat,male,12,8404
E4-3798,Raquel,Dog,male,6,7620
B2-8298,Kamora,Cat,male,12,5637
E7-5573,Mackenzie,Dog,male,3,4267
B1-4645,Zachariah,Cat,female,1,2706
C6-4512,Jolie,Dog,female,21,5013
D8-3969,Mylie,Cat,male,12,8432
B4-8244,Beau,Cat,female,19,3091
E3-6030,Simone,Dog,male,11,2802
A0-6296,Jocelyn,Bird,female,16,2337
B5-9921,Jenny,Dog,male,9,6045
B6-5847,Elyse,Cat,female,7,1644
E3-4289,Raphael,Dog,male,11,9555
F6-5510,Nikolas,Dog,female,15,3473
F9-4556,Braelyn,Dog,male,11,9994
B9-3837,Leonard,Cat,male,6,7766
F0-1121,Rihanna,Cat,female,14,9529
B6-8419,Tamara,Dog,male,1,6049
A5-5535,Jamya,Cat,male,22,4495
C8-9851,Natalee,Dog,male,4,8332
C2-8045,Julien,Dog,female,16,5026
E7-6171,Deven,Dog,male,7,6308
F3-7090,Sergio,Dog,female,16,9356
F2-4105,Ramon,Dog,male,8,6639
B1-4568,Belinda,Dog,male,6,1560
C4-7306,Aryana,Bird,female,10,5910
A7-4459,Alison,Dog,female,20,1043
B5-5506,Dillon,Dog,male,6,4542
D3-3747,Darrell,Cat,female,11,2101
B0-2491,Atticus,Dog,female,16,7422
A0-2151,Halle,Cat,male,4,7804
B0-6071,Landon,Cat,male,11,6406
C5-6730,Nataly,Bird,female,15,4577
D4-2322,Alonzo,Dog,female,9,1403
D9-9312,Jaron,Dog,male,2,9696
E4-4654,Mattie,Dog,male,6,3865
F5-2863,Kieran,Dog,female,17,1482
C7-3383,Pedro,Dog,male,17,1641
C8-7754,Nikhil,Cat,female,17,3029
C3-7570,Jaslyn,Cat,male,19,1576
C9-8631,Roy,Cat,male,3,4582
A1-6018,Zoe,Cat,female,15,1974
E7-3999,Devan,Cat,male,1,7767
B4-8914,Aniya,Dog,male,8,9206
A7-4087,Gerardo,Dog,male,3,2257
B6-3595,Remington,Bird,female,11,2700
F2-5772,Holden,Cat,male,1,8030
F0-6228,Jaiden,Bird,male,6,7083
A0-1972,India,Dog,female,22,8030
E2-3908,Grace,Bird,male,8,1899
F6-9380,Destinee,Cat,female,8,9756
D6-3282,Alexia,Cat,female,4,7938
A4-7862,Rebecca,Cat,male,9,9868
C0-2881,London,Dog,male,20,8362
E1-9999,Roselyn,Dog,male,18,6720
C0-8164,Ignacio,Cat,male,15,8004
B7-3789,Emilee,Cat,female,21,3411
E4-1841,Karter,Cat,male,16,2651
A6-1018,Wayne,Dog,female,11,3820
C9-8473,Autumn,Dog,male,10,2299
B6-4622,Eliana,Dog,male,16,5242
E8-9436,Brayan,Dog,male,14,3733
C8-9452,Bryan,Dog,female,7,9356
C7-7019,Jaidyn,Dog,female,7,2821
A6-6173,Angelica,Dog,male,10,6739
C4-7615,Ella,Dog,female,15,2272
B0-5418,Shelby,Dog,female,19,3521
A0-1230,Isabelle,Bird,female,16,5168
F0-3819,Justine,Dog,female,11,2201
D2-7653,Dominic,Dog,female,2,5207
D3-2189,Olive,Dog,female,4,8716
A7-4746,Adrian,Dog,male,3,9037
A6-9274,Isai,Cat,male,11,6063
D6-4831,Karla,Dog,male,13,7390
F0-9778,Mateo,Dog,female,7,6353
A5-7433,Kole,Dog,female,8,3353
D2-8669,Nathen,Dog,male,17,2899
C6-1412,Keely,Cat,male,16,7261
F3-7360,Anderson,Cat,male,19,1118
A2-9229,Lacey,Cat,female,20,2341
F7-2944,Zion,Cat,male,10,6599
B0-1949,Teagan,Bird,female,15,1229
E3-9712,Abel,Dog,male,6,6512
C3-5477,Anna,Dog,male,1,6654
C8-6998,Uriah,Dog,male,5,8361
B1-5303,Paityn,Cat,female,12,5207
F8-4755,Bryant,Dog,female,15,9555
E6-7577,Nina,Dog,male,13,8597
F8-8957,Ashley,Cat,male,4,8316
B5-7783,Allyson,Dog,male,14,6720
F6-6662,Jacob,Cat,female,20,1082
F5-1929,Karsyn,Dog,female,12,5041
F1-7580,Brock,Dog,female,20,3804
A8-7493,Justice,Dog,female,16,2215
B3-8838,Eddie,Cat,male,18,7387
B0-3518,Carly,Bird,male,9,7359
E9-4320,Julius,Dog,female,2,5553
F1-2388,Harper,Dog,male,16,5520
B1-7289,Allen,Dog,female,4,2033
D1-1113,Jaida,Cat,female,21,4666
C1-2139,Reese,Cat,male,13,3157
E6-6933,Kaylyn,Cat,male,10,7871
C0-5315,Catherine,Cat,female,22,1875
C3-2744,Tobias,Cat,male,7,9532
E8-8645,Leslie,Dog,male,12,8718
D3-9086,Antony,Dog,male,17,8009
F6-9596,Kameron,Dog,female,6,6766
F3-7323,Cora,Cat,male,6,9658
B4-8251,Morgan,Bird,male,12,7180
B6-4911,Carlo,Dog,female,14,8243
F8-5367,Andreas,Dog,female,19,8933
A0-2747,Desirae,Cat,male,19,5641
F7-9251,Jimena,Dog,male,13,2419
C3-1251,Kaliyah,Cat,male,11,1561
E7-9280,Matthias,Cat,male,5,2033
F3-2949,Randy,Dog,male,1,4139
D4-3688,Jaylin,Cat,male,13,2238
A6-9157,Fletcher,Dog,female,22,6405
D5-4703,Tyson,Cat,male,10,1319
B8-4981,Skylar,Cat,female,18,7901
C0-5208,Clarence,Cat,male,19,5646
E7-9507,Roger,Cat,female,5,3957
B1-8738,Urijah,Cat,male,10,4725
F1-3954,Kierra,Dog,female,4,5854
C8-9971,Ali,Cat,female,19,6923
B0-7968,Natalya,Dog,male,21,8429
B5-8456,Pierce,Dog,male,6,5954
B8-8667,Claire,Dog,female,3,6562
A2-4511,Jaylynn,Dog,male,15,9627
D1-8434,Tabitha,Cat,male,15,8927
E5-4647,Lilly,Cat,female,12,9298
D0-8844,Marisol,Dog,female,3,6155
E6-1383,Malia,Cat,female,20,2243
C6-4159,Skyla,Dog,female,19,8009
F7-7811,Rayna,Bird,female,12,8116
E0-9256,Monserrat,Dog,male,10,6910
B6-5002,Bryson,Dog,male,20,5875
A1-8618,Ryleigh,Cat,male,7,6544
F3-1606,Gael,Dog,female,3,5150
D2-8143,Destiney,Dog,male,10,8642
E0-4947,Cristal,Dog,female,1,7795
B5-6810,Baron,Dog,female,17,5150
B4-8110,Braden,Dog,female,15,4657
D0-1951,Carlee,Cat,female,9,5653
B6-9756,Connor,Dog,female,16,3411
C9-8031,Regina,Dog,male,6,1906
C3-9278,Kiana,Dog,male,7,2123
D8-3359,Jazmyn,Dog,female,13,6405
E4-4990,Nick,Dog,male,2,8143
B0-6189,Shiloh,Cat,male,19,6502
A3-3363,Bethany,Dog,female,3,8897
E2-1206,Sherlyn,Cat,male,5,8408
F7-6374,Abigail,Dog,male,20,7001
A5-7891,Amiah,Dog,male,21,7825
C5-3984,Esmeralda,Dog,male,12,8299
D6-9276,Maximilian,Bird,female,5,5560
C7-6555,Lena,Dog,male,22,7224
C9-3325,Gunnar,Dog,male,18,2063
D6-8946,Donna,Bird,female,4,2821
F9-5716,Sharon,Dog,male,1,3189
D0-2734,Brodie,Dog,female,12,7606
C1-9213,Marc,Cat,female,12,4488
B3-1169,Ryan,Dog,female,4,3393
B5-3471,Elias,Dog,male,18,1456
D0-9683,Aden,Dog,male,18,2356
C8-5868,Braxton,Cat,female,9,6031
A6-8383,Clare,Dog,female,11,4929
D6-6605,Destiny,Dog,female,8,5637
D7-2874,Summer,Cat,male,20,1354
B4-6170,Brisa,Dog,female,10,4185
F3-7262,Grayson,Dog,female,9,3688
C6-1197,Karen,Dog,male,18,2768
A7-8523,Case,Dog,male,19,8480
F1-3946,Kinsley,Dog,male,14,3688
A9-9321,Jayson,Cat,male,16,3153
A0-7012,Arnav,Cat,female,2,1546
F5-2718,Luna,Cat,female,19,4213
B1-3660,Scarlett,Cat,female,15,2296
D1-2286,Quincy,Dog,male,7,9326
C4-1832,Mark,Dog,male,14,9885
F5-2775,Lee,Dog,female,15,4334
E6-1614,Jamarcus,Cat,male,13,7710
C4-1427,Cristian,Dog,male,22,6533
C2-2955,Carlie,Cat,male,18,6533
D2-9988,Ronin,Dog,female,21,1068
F3-9741,Aracely,Dog,female,12,2215
D7-9880,Adrien,Dog,female,2,1052
C7-6390,Jarrett,Bird,male,8,2419
C3-1121,Aldo,Dog,male,21,4595
A0-2985,Reagan,Cat,male,21,7261
D2-5002,Maleah,Dog,male,1,7825
B9-4177,Esperanza,Cat,male,9,2802
D3-6027,Trace,Dog,female,4,6915
B7-1700,Areli,Dog,male,10,6811
E9-2823,Scott,Dog,female,5,7150
B7-6899,Maximo,Dog,male,1,6033
E3-2137,Rolando,Dog,female,11,5873
B8-7462,Kristina,Cat,female,22,9870
E5-4073,Lexi,Dog,female,11,4348
F4-7521,Fatima,Bird,male,17,2630
E4-5313,Armani,Dog,male,3,8354
A5-1668,Joselyn,Dog,female,3,5641
D5-8502,Roland,Cat,female,15,5447
F2-5525,Royce,Dog,male,7,5314
B5-3682,Amanda,Dog,male,11,8299
B1-3966,Thalia,Cat,male,2,5958
C1-7228,Shyla,Dog,female,17,5141
A8-1399,Gaven,Dog,female,22,6562
C8-5345,Kaitlyn,Cat,female,9,8376
B7-4845,Deegan,Dog,female,18,9745
F0-1174,Brynlee,Cat,female,12,9444
F7-5220,Amara,Cat,male,11,1312
E0-8136,Wilson,Dog,female,18,9051
A2-6019,Kasey,Dog,female,17,1043
E8-6560,Shaniya,Bird,male,8,3900
F8-2249,Carla,Bird,female,5,3353
C4-3016,Sierra,Dog,male,18,8368
E6-3526,Sabrina,Dog,male,4,4782
D0-1618,Tanner,Cat,male,2,7101
A3-6134,Zaniyah,Cat,female,17,8181
B1-1919,Martin,Dog,female,19,3034
D7-3453,Ava,Cat,male,3,7376
B5-1799,Jacey,Cat,female,15,7606
F2-5490,Julio,Cat,male,9,7936
D1-4885,Diya,Cat,male,19,8362
C4-7566,Tomas,Dog,male,18,9294
D7-1192,Carolyn,Dog,male,20,5150
E2-1244,Mia,Cat,female,9,5547
D8-7616,Benjamin,Dog,male,4,3878
A3-7219,Conrad,Dog,female,20,6088
A9-5588,Javon,Dog,male,22,8215
C9-9514,Alessandro,Cat,female,15,5044
E6-2909,Davin,Cat,female,13,2094
F6-7385,Fabian,Bird,female,3,5044
A2-9238,Sophia,Cat,female,14,7505
B5-7069,Alec,Cat,female,1,3473
E3-3079,Allison,Dog,male,3,4352
B7-4163,Eliezer,Dog,female,19,9427
C5-8665,Aleah,Dog,female,10,4934
C0-3815,Maurice,Cat,male,2,1759
E2-6480,Rory,Dog,female,18,6389
E5-2475,Aliana,Cat,male,17,7794
D7-1537,Nora,Dog,female,14,6020
B3-7056,Annika,Bird,male,19,3245
F4-5237,Cash,Cat,female,3,4691
B7-9156,Layton,Dog,female,14,5737
F2-8407,Sam,Dog,female,2,5165
E9-4149,Serenity,Cat,male,11,2246
A1-8716,Raymond,Dog,female,15,1296
C2-2999,Laura,Dog,female,4,9468
A2-7627,Makaila,Dog,male,18,3272
F1-6479,Patricia,Dog,male,17,9010
B6-7976,Priscilla,Bird,male,16,5912
C1-1426,Haylee,Dog,female,21,9885
C2-2951,Brooklyn,Dog,female,10,2019
D3-9699,Eugene,Bird,female,3,6811
D4-5312,Jaylen,Cat,male,18,1388
B7-8183,Roderick,Cat,female,11,4142
E7-8758,Maverick,Dog,male,3,2037
D6-9325,Leia,Dog,male,20,9207
E7-4876,Alijah,Dog,male,2,2930
C6-8469,Darien,Dog,male,4,4190
F6-6812,Marshall,Bird,female,12,9868
C2-6694,Nicole,Dog,female,20,7224
A8-5384,Deon,Cat,male,19,1906
A5-5164,Adalynn,Dog,female,6,2238
F5-5303,Marcel,Dog,male,10,1561
D7-8709,Viviana,Dog,male,7,5520
E6-8207,Pranav,Dog,female,11,4352
E3-9205,Riley,Dog,female,13,5733
E0-6328,Alvin,Dog,female,10,1561
F1-7056,Jairo,Dog,female,3,1132
D2-9825,Lucia,Bird,female,14,5712
D9-6088,Jamie,Cat,female,8,2465
C1-3363,Jaquan,Cat,male,4,1971
F5-8231,Zara,Dog,female,2,3388
D4-4907,Isabel,Dog,female,21,8887
B5-9880,Luis,Cat,female,9,6173
B9-7536,Collin,Cat,female,21,3486
C7-8736,Makayla,Cat,female,3,5679
E7-1178,Brynn,Bird,female,22,2434
D6-4640,Emily,Cat,male,21,3615
E2-7521,Leonidas,Dog,female,7,1875
C3-8720,Jaylee,Cat,male,2,5502
D8-5497,Diamond,Cat,female,3,1915
D8-6829,Imani,Dog,male,7,8994
D5-5587,Lawson,Dog,female,2,1974
C0-4555,Ulises,Dog,female,14,3029
E8-5483,Ryan,Dog,male,16,8498
A6-2232,Antwan,Cat,female,13,9365
A1-3638,Miley,Bird,female,21,7127
C5-3430,Janet,Dog,male,5,4526
C3-1717,Kyle,Dog,male,5,3841
F1-3759,Londyn,Dog,male,13,8599
C2-7079,Isla,Dog,male,19,1560
F3-2489,Dean,Cat,male,21,7575
B2-4824,Bennett,Dog,female,11,3648
A5-4766,Solomon,Dog,male,14,9522
E0-5098,Bria,Dog,female,17,1388
C4-9779,Leonel,Cat,female,10,2331
A6-1208,Kelvin,Bird,female,5,4839
D4-7966,Alyssa,Cat,male,22,7825
C2-7319,Lillianna,Dog,female,6,5383
D6-7730,Brenna,Cat,male,14,6405
B8-7681,Conner,Dog,female,11,6915
E1-7255,Tyrone,Bird,male,20,2809
D0-8237,Annabel,Dog,male,5,9317
B7-2214,Charlie,Dog,female,3,9028
E4-6818,Zackery,Cat,female,21,4657
B3-2662,Leyla,Dog,male,2,2802
E5-1597,Eileen,Bird,male,4,6042
D9-1653,Mathew,Cat,male,21,6816
C5-5966,Sonny,Cat,female,5,8583
E0-6432,Nathanial,Dog,female,13,1745
C6-8085,Casey,Dog,male,14,7460
C9-6655,Katelyn,Dog,female,1,3387
A5-2572,Brennan,Cat,female,9,3324
A2-3807,Alia,Dog,female,6,5081
C7-7611,Rishi,Cat,female,9,2215
B8-3765,Isabela,Dog,female,16,6235
D7-8149,Cullen,Dog,female,14,3157
C5-6218,Chad,Dog,male,22,4870
E2-6509,Casey,Dog,female,18,8213
C1-3576,Camila,Dog,female,10,1312
A6-2178,Vincent,Bird,male,10,7085
F6-7584,Avery,Cat,male,14,2270
E3-2969,Roman,Cat,female,5,4334
E6-6129,Jamari,Dog,male,3,5397
F7-5556,Nathalie,Cat,male,1,5653
B9-4784,Kassandra,Dog,male,20,1619
D7-3946,Lukas,Dog,female,15,2250
C7-7628,Alfred,Dog,female,11,8656
B1-4723,Taylor,Dog,female,10,6915
E0-1803,Dakota,Cat,male,5,1170
B2-1575,Brooke,Dog,male,22,4792
B1-9677,Niko,Dog,male,9,9007
D7-1435,Kale,Dog,male,5,4488
D2-2300,Braedon,Cat,male,16,6868
A0-1996,Kaia,Dog,male,11,3423
E4-8164,Donte,Bird,male,18,9294
F3-1296,Isaias,Dog,female,11,7546
A6-6009,Erica,Cat,female,18,7794
C0-3228,Crystal,Dog,male,3,9815
F6-3583,Wade,Dog,female,15,6001
C6-6254,Colton,Dog,female,1,5469
C4-9038,Kristian,Dog,female,8,8617
C0-3457,Anne,Dog,female,19,4644
A7-8467,Luz,Cat,male,10,9946
F7-6109,Cruz,Cat,male,1,9206
A9-9503,Haylie,Cat,female,21,3282
A0-3653,Shane,Cat,female,2,9555
D9-1632,Antonio,Dog,female,14,5462
A8-6648,Tiffany,Dog,male,8,7846
D7-1778,Joe,Bird,male,5,9395
A5-4182,Harmony,Cat,male,19,2029
D0-4498,Giovanna,Dog,male,1,9216
A5-4695,Jaeden,Bird,female,20,9935
D3-7565,Jameson,Cat,male,7,5478
B1-1798,Peyton,Dog,female,14,8439
A3-2016,Itzel,Dog,female,6,2134
F9-4765,Kendrick,Dog,female,21,6287
A6-7002,Talan,Dog,male,20,2495
F9-2168,Aaron,Cat,female,22,2310
E3-6591,Hanna,Dog,male,12,9491
C4-4194,Ireland,Cat,male,12,9497
D0-7790,Valery,Dog,female,15,6001
F2-9481,Jovany,Dog,female,18,1496
B4-9459,Dwayne,Dog,female,3,4256
E7-7161,Waylon,Dog,female,8,7680
A4-3013,Jacoby,Bird,male,21,7001
C8-5102,Osvaldo,Cat,male,14,1922
C6-7624,Sofia,Dog,female,1,8697
F7-5627,Ellie,Cat,male,17,5664
C8-6455,Edith,Bird,female,9,1068
C5-1917,Ricky,Cat,female,6,7085
A4-4451,Kailyn,Dog,female,13,5257
B2-2174,Anton,Cat,male,19,9935
C8-5197,Alberto,Dog,male,16,8027
C7-1552,Parker,Dog,male,8,9575
C6-7423,Cloe,Cat,male,14,9877
F2-9271,Brooklynn,Dog,male,12,2299
E3-4578,Jessie,Dog,male,2,1113
C9-1619,Turner,Cat,female,2,3387
E6-7833,Jaylene,Dog,female,14,3644
E0-1893,Adeline,Dog,female,2,9978
F1-7855,Izabelle,Cat,female,10,8362
F6-4069,Francis,Cat,male,17,6157
F1-1291,Jessica,Cat,male,12,6262
B5-3858,Maxwell,Dog,male,22,1082
F1-8372,Ryker,Cat,female,22,9355
A7-8616,Lana,Dog,female,15,7095
C7-7984,Matteo,Cat,male,6,9317
B2-3103,Kira,Bird,male,21,7665
E8-4733,Reilly,Dog,female,17,3393
D0-3447,Emerson,Dog,female,7,3495
D0-3846,Gretchen,Cat,female,4,1865
B6-1453,Marcelo,Dog,female,6,3189
F0-6922,Jon,Dog,female,1,2801
A4-8849,Kianna,Cat,female,21,3272
B5-7743,Darren,Dog,female,19,9356
D4-5326,Paul,Cat,male,14,9556
F0-7199,Marissa,Cat,male,12,9400
D0-5249,Mary,Dog,male,13,4169
F8-6703,Marlie,Dog,male,12,3353
A8-6209,Baylee,Cat,male,5,6654
E7-9864,Malakai,Dog,female,21,3005
A9-6785,Lorelei,Bird,male,12,8994
B3-8127,Micheal,Dog,female,7,4542
B4-1081,Elvis,Dog,female,20,5550
C0-8707,Caylee,Dog,male,13,2775
D6-7405,Saul,Dog,male,4,5013
B7-5680,Albert,Bird,female,3,9356
C5-1419,Abbigail,Bird,female,10,3490
E7-5762,Gracie,Dog,female,17,5165
D6-8583,Manuel,Cat,female,16,2331
E7-4603,Warren,Cat,male,3,5525
F8-6190,Cecelia,Cat,male,18,1899
D5-4632,Averi,Dog,female,19,6561
F5-5330,Sophie,Dog,male,11,8884
A5-1332,Gia,Cat,female,20,7376
D4-1124,Ariana,Cat,male,9,9222
F5-6838,Cailyn,Cat,male,14,8054
C4-5098,Laney,Dog,male,19,9568
D5-3246,Ronald,Cat,male,3,9403
F3-4958,Deja,Cat,female,9,5910
A2-8288,Chaz,Cat,male,4,2679
D4-6387,Naomi,Cat,female,4,6884
D4-4731,Emanuel,Dog,male,5,3411
A1-9616,Kimora,Bird,female,4,4122
A3-9450,Hailee,Dog,male,9,9756
B8-7006,Beatrice,Dog,male,18,4783
F0-6226,Kellen,Cat,female,14,3767
F9-6665,Kymani,Dog,female,6,8852
D2-6754,Zoie,Dog,female,3,3482
F3-4519,Jaycee,Bird,male,14,8497
B7-2396,Paige,Dog,female,14,9619
B6-8040,Brittany,Dog,male,6,3029
E7-9831,Gianni,Cat,female,16,1641
F9-9972,Aylin,Cat,female,13,7391
E4-6905,Jaidyn,Dog,female,12,5525
E4-2177,Alma,Cat,female,17,3874
B5-4402,Shyanne,Cat,female,11,4644
F8-1324,Taryn,Dog,female,14,1476
C1-8728,Brenton,Bird,male,10,6590
A2-1300,Tristian,Cat,female,15,3504
F8-3712,Kelly,Dog,male,17,8617
A6-6456,Emilia,Dog,male,10,6907
C7-5119,Eduardo,Dog,female,15,2801
D6-4011,Angel,Dog,female,11,5972
C1-1797,Kyan,Cat,male,22,3340
C9-6311,Travis,Bird,female,16,7651
E1-4940,Judith,Cat,female,21,3688
E0-5186,Charlize,Cat,female,22,2262
D0-9152,Joshua,Cat,male,4,9497
A4-6393,Alexis,Cat,female,3,2580
E6-9177,Elisha,Cat,male,7,9850
D7-3152,Jabari,Dog,male,12,3473
B8-5839,Tyree,Dog,female,10,9474
B9-4681,Jordon,Bird,male,4,1989
F7-9769,Nash,Dog,male,12,1068
D7-5792,Gabriella,Cat,female,4,4500
C7-6954,Ruben,Dog,female,12,6396
D2-1137,Dayana,Cat,male,5,7651
A8-2423,Kenneth,Cat,female,18,7988
B8-8511,Cindy,Dog,female,22,1230
E3-6620,Sheldon,Cat,female,16,5081
F8-8421,Emely,Bird,male,6,2504
B9-2837,Hector,Dog,male,16,8206
D7-9647,Emery,Cat,male,22,3504
C9-2452,Joyce,Cat,female,5,3518
B3-6842,Peyton,Dog,female,12,1202
E8-1619,Felix,Cat,male,6,6502
E1-6359,Shayla,Dog,male,7,4044
D4-9557,Elena,Cat,female,2,3516
E2-1326,Lane,Cat,male,20,9037
A8-3594,Hunter,Cat,male,4,3245
B7-7345,Kyla,Bird,female,13,8791
A0-1512,Yuliana,Dog,female,7,5484
E8-2051,Desmond,Dog,female,20,3486
B4-6262,Elliot,Cat,male,10,1334
F0-8915,Valentina,Cat,female,7,6441
E5-7492,Keith,Dog,female,20,3656
B5-8289,Courtney,Dog,male,4,9075
E0-5837,Jenna,Cat,male,1,9075
B4-3772,Robert,Dog,female,18,7811
F9-1159,Micah,Dog,female,6,5595
B6-3121,Zaire,Dog,male,19,4582
F7-4070,Quintin,Cat,female,20,1178
F9-2587,Nigel,Cat,female,14,4643
A0-8506,Rex,Dog,female,20,5397
E4-5441,Miracle,Cat,male,20,8965
C8-5107,Leilani,Bird,male,18,8493
C9-7578,Isaac,Cat,male,2,4078
C8-8153,Zack,Cat,male,5,8243
D7-7886,Emilio,Dog,male,7,9039
E9-9490,Annalise,Dog,male,8,7579
F5-7751,Addison,Dog,male,3,4906
B5-8129,Odin,Dog,male,3,3957
E3-3224,Ximena,Dog,female,19,5308
B4-8437,Maddison,Dog,male,15,6649
B8-3822,Corbin,Dog,male,6,6029
A4-8700,Semaj,Cat,female,21,8215
C7-6280,Jasiah,Dog,male,6,4735
D3-5444,Maxim,Cat,male,2,4644
B3-1210,Nathan,Dog,female,6,9927
D3-2488,Jordyn,Cat,female,5,5502
F1-5729,Azul,Cat,male,1,7995
C2-9046,Madalynn,Cat,female,13,5215
E6-9120,Santiago,Dog,female,16,4122
B2-8903,Eden,Dog,male,19,4908
E8-9774,Juan,Bird,female,19,3101
E2-3054,Shea,Dog,female,9,8875
B5-9335,Diego,Cat,female,16,5484
D7-9318,Erika,Cat,male,3,5664
C3-3174,Samson,Cat,male,8,4318
E4-8256,Alina,Cat,male,15,2801
B7-8319,Ty,Cat,female,11,9552
A8-7404,Alexander,Dog,male,21,9523
A2-4375,Gage,Dog,female,1,8170
A5-6341,Colin,Bird,male,9,7586
B0-1273,Julissa,Dog,male,10,6543
D9-3819,Michelle,Cat,male,8,8116
D8-3652,Josiah,Dog,female,17,3034
A3-1824,Malik,Dog,female,9,7314
E7-6697,Jesus,Dog,female,2,7314
C2-5881,Sterling,Bird,male,14,2687
A9-4776,Carleigh,Cat,male,13,9444
C8-5195,Kai,Cat,female,10,6756
D5-5486,Gavin,Bird,female,17,2775
E1-6008,Joel,Cat,female,11,1975
E2-6164,Adelaide,Cat,male,4,9006
B1-9216,Korbin,Dog,male,10,8297
F7-4250,Amina,Dog,male,20,6540
D7-3164,Jonas,Bird,female,1,6837
A5-8034,Aliza,Dog,female,19,7663
E3-1074,Danica,Dog,female,15,6102
E2-8160,Cody,Cat,male,5,2163
B2-6070,Kareem,Dog,female,22,4644
B1-4401,Kayla,Dog,male,20,5814
A6-6578,Rigoberto,Bird,male,17,6760
A2-1743,Tyshawn,Cat,male,8,7579
D7-5738,Valeria,Dog,male,14,6502
F1-9282,Mauricio,Cat,male,16,9604
D5-8108,Avah,Dog,female,11,3558
E0-8997,Malachi,Cat,male,22,7464
E6-5334,Mila,Cat,female,16,3101
B9-8236,Izaiah,Dog,male,16,2196
D9-2890,Kristin,Bird,male,22,7729
C2-9806,Jaelynn,Dog,male,5,4213
C8-1718,Giselle,Dog,female,12,2711
A7-8365,Stella,Dog,female,21,5539
B4-6505,Finley,Dog,female,3,8688
F0-7461,Belen,Dog,female,18,4934
E7-6146,Johan,Cat,female,11,1653
E1-5281,Jayden,Bird,male,19,3508
A8-2142,Sadie,Dog,female,12,9722
B6-2002,Sydnee,Dog,male,16,9584
A3-5311,Levi,Dog,female,22,8994
B7-3768,Jase,Bird,female,12,3089
B4-6678,Gabriela,Dog,male,22,5847
C1-2370,April,Cat,male,4,2401
A0-2508,Justus,Bird,male,14,7824
F6-2647,Hana,Dog,female,12,3661
B1-1976,Natasha,Cat,male,15,9571
A3-8298,Krista,Cat,female,3,6837
A3-7134,Stephany,Dog,male,8,1428
B3-1677,Reid,Cat,male,7,3648
F5-9073,Davian,Cat,female,2,5420
C3-6962,Edwin,Cat,male,3,5013
C0-1983,Easton,Dog,female,8,7805
B3-9470,Alexus,Dog,male,2,7805
D7-8063,Leanna,Dog,male,9,2257
C6-2520,Sawyer,Dog,female,16,9042
A7-5227,Carsen,Cat,female,20,8962
D6-2969,Seth,Cat,female,21,1576
A9-9255,Rachael,Dog,female,17,3272
D0-9200,Kristen,Cat,female,3,7555
F4-4004,Cristofer,Cat,male,8,6038
A7-9377,Yamilet,Cat,female,12,2246
A3-6380,Kamden,Bird,female,21,9877
E5-1762,Laylah,Cat,male,17,9756
C6-8113,Ayanna,Cat,female,16,5242
E9-1438,Luciano,Dog,female,19,6060
B9-1197,Marquise,Dog,male,9,2238
B2-3777,Zane,Cat,female,13,8599
E6-2760,Luca,Dog,female,12,7650
D8-8024,Ryann,Cat,female,16,1745
A8-2833,Dennis,Dog,female,8,4934
C6-5424,Ayla,Dog,male,11,8589
F4-7157,Isaiah,Dog,male,7,3058
D2-8077,Alexandra,Dog,male,12,6157
F5-9207,Emery,Dog,female,4,1619
E1-8901,Ariel,Dog,female,7,1619
D9-2642,Jamir,Dog,female,17,3814
A9-5944,Reese,Cat,male,10,8261
F6-4090,Aisha,Dog,female,5,9400
D1-9915,Francisco,Dog,female,21,3763
B4-2852,Calvin,Cat,female,6,9938
E5-1974,Hope,Dog,female,6,8480
B1-6596,Mckenna,Cat,male,22,8332
A3-2832,Jaylan,Bird,male,17,4608
E9-9605,Jasmin,Dog,male,17,9857
F9-1705,Kailey,Cat,male,4,8435
F3-9876,Peter,Dog,male,16,5637
D7-9958,Sloane,Dog,female,9,2299
D8-2206,Lia,Dog,female,2,2262
F8-3593,Lara,Dog,male,13,1366
E1-8642,Kasey,Bird,male,15,1482
E4-5197,Melanie,Dog,female,8,9006
D7-5985,Logan,Dog,female,9,6045
F6-9781,Marlee,Cat,male,2,3482
A3-9397,Lizeth,Cat,female,17,1043
B3-6940,Jaime,Cat,male,13,6544
A6-5133,Dahlia,Cat,male,1,9007
B5-7375,Rayan,Dog,female,21,9532
E9-8835,Jeffery,Dog,female,6,7586
A9-4982,Piper,Dog,female,2,1399
B9-2983,Jonathan,Cat,male,4,9385
C6-7387,Maddox,Dog,female,15,3101
D6-1986,Declan,Cat,male,13,8181
B1-1238,Talia,Cat,female,18,2888
E8-9475,Jovan,Cat,female,15,4053
C0-7383,Kiera,Dog,female,3,5855
D4-8506,Jorden,Dog,female,20,4213
F2-3322,Kaylynn,Cat,male,1,5753
E2-8215,Teresa,Dog,male,19,3245
C3-1758,Diana,Cat,female,11,2346
C8-7191,Hugh,Dog,male,10,5397
B9-5167,Bridger,Dog,female,17,3385
E8-2691,Dylan,Dog,male,1,5972
F0-6222,Alejandro,Dog,female,2,6276
C8-6872,Selina,Dog,male,21,7988
D8-4121,Rylee,Dog,female,1,9319
C3-6697,Tristin,Cat,male,11,8818
B1-9802,Britney,Bird,male,20,1059
F0-1280,Amir,Cat,female,17,7376
E3-5071,Angel,Dog,male,21,2775
C7-7311,Bradyn,Cat,male,21,2607
B6-6727,Will,Dog,male,22,8234
E2-2444,Elle,Cat,female,13,7854
D5-4435,Khalil,Dog,female,1,3157
A7-3641,Sydney,Dog,male,21,2296
D6-8618,Liliana,Cat,female,20,3324
F5-4303,Cristopher,Dog,male,22,2767
E4-9796,Walker,Cat,female,9,7200
E4-9039,Kara,Cat,female,8,5117
E1-1927,Coleman,Dog,female,9,3691
E9-3015,Mekhi,Bird,male,10,1759
F2-9533,Layne,Cat,male,20,3516
B8-4773,Marin,Dog,male,1,8617
C8-5915,Caitlin,Cat,female,22,9900
B9-6146,Isabell,Dog,male,17,1052
B1-1862,Howard,Bird,female,20,2346
D7-3609,Skyler,Bird,female,10,9935
E6-8162,Kadence,Dog,female,10,6654
E7-1641,Tripp,Dog,female,5,2951
C6-3032,Vaughn,Dog,female,21,7587
B6-8288,Isis,Dog,female,19,4782
E7-1118,Lindsey,Cat,female,14,8480
F4-7898,Arely,Dog,female,15,5814
C3-6291,Laurel,Dog,female,7,6881
B6-8863,Everett,Cat,male,9,5572
E8-1905,Savanah,Dog,male,20,1561
C9-1919,Cassie,Dog,male,4,5772
D5-7321,Maximus,Cat,male,13,7085
B6-9456,Amelie,Cat,female,3,2504
E7-9436,Kirsten,Dog,male,5,7254
F6-7379,Zavier,Dog,female,18,2134
A3-4631,Danielle,Cat,male,6,6194
C2-9829,Yadiel,Dog,female,15,6933
C2-4285,James,Dog,male,19,1067
D0-8476,Maria,Dog,female,14,2700
D0-9315,Jensen,Cat,female,6,7579
B2-8510,Lucas,Dog,female,5,1455
E5-2506,Lamont,Cat,male,1,4330
E2-7685,Elliott,Bird,female,17,6544
C9-6271,Finn,Dog,male,10,4901
A4-7641,Ismael,Dog,female,9,1366
C4-9271,Haiden,Cat,female,11,3041
C5-4333,Alani,Dog,female,18,9522
A2-5269,Kassidy,Cat,male,18,9104
E9-7968,Mckayla,Bird,male,7,1989
C7-1246,Karlie,Dog,male,11,4094
C2-2532,Magdalena,Cat,female,13,8697
A9-1586,Tristan,Cat,female,3,1865
F0-7147,Ansley,Cat,male,21,8296
A5-5782,Camden,Dog,female,1,9927
D3-3741,Sarahi,Dog,female,13,7392
B6-4144,Daisy,Dog,male,22,1278
E9-3748,Jada,Dog,male,8,4526
E2-2487,Alaina,Dog,male,16,2464
F0-7245,Donovan,Dog,female,5,5862
A4-5480,Kaitlynn,Dog,male,3,9216
A8-3865,Aileen,Dog,female,2,7127
B9-9104,Sean,Cat,male,12,4545
F1-3004,Alisson,Dog,male,8,9355
B6-3125,Damion,Bird,male,20,8077
F5-2627,Jayden,Dog,male,10,7314
F4-7865,Jayvion,Dog,female,10,8617
E8-9343,Jorge,Cat,male,8,6591
B3-5587,Daphne,Dog,female,10,4545
C2-9879,Mariah,Dog,male,13,1793
A4-4119,Jazmin,Bird,female,11,6720
B9-2073,Jaliyah,Cat,female,13,9850
D9-2344,Drake,Cat,male,6,7936
F0-7506,Kaiden,Cat,male,12,3688
B6-9219,Emerson,Bird,female,10,5954
D8-9986,Saniyah,Cat,female,9,5678
C6-3021,Brian,Dog,female,7,3615
D7-9820,Jake,Dog,male,20,4246
B1-6565,Draven,Dog,male,12,8408
D2-9315,Sullivan,Cat,female,8,8887
B2-7263,Jayvon,Dog,male,6,7491
D0-5954,Kaden,Cat,female,9,7484
A7-2294,Shaun,Bird,male,22,8094
E7-6724,Cassidy,Dog,male,2,5572
C3-9440,Meredith,Dog,male,2,4600
A1-3120,Helena,Cat,male,17,7491
A7-7697,Abraham,Dog,male,15,4725
C3-5710,Eleanor,Cat,male,5,8994
C0-5057,Livia,Dog,female,16,9619
F7-6277,Athena,Dog,male,2,6308
A7-8244,Jaiden,Dog,male,2,2607
D9-4188,Hezekiah,Cat,male,14,5688
D4-3402,Ricardo,Cat,male,6,2262
E2-1984,Alannah,Cat,male,14,5646
D3-9673,Amirah,Dog,female,1,7858
B5-7268,Lincoln,Dog,male,17,6020
B6-6442,Jadon,Cat,male,17,9427
A3-6679,Eli,Dog,female,17,1834
E1-4929,Hailey,Dog,male,1,6234
F9-5921,Patrick,Dog,male,13,9010
C7-8342,Scarlet,Cat,male,4,4852
B7-8911,Curtis,Cat,male,3,1906
B9-8490,Sanai,Dog,female,14,2132
A4-2573,Chasity,Dog,female,7,2767
B3-8317,Hadley,Dog,female,19,3282
C5-4291,Joaquin,Dog,male,1,4737
C6-3299,Lennon,Cat,female,8,2863
A1-3879,Myla,Dog,male,4,8429
